1,"United States Court of Appeals, Federal Circuit.","September 25, 2009",http://lps3.1.next.westlaw.com.libproxy.snu.ac.kr/Document/Ic79078c3aa3b11dea82ab9f4ee295c21/View/FullText.html?navigationPath=Search%2Fv1%2Fresults%2Fnavigation%2Fi0ad7401600000163372620011822756b%3FNav%3DCUSTOMDIGEST%26fragmentIdentifier%3DIc79078c3aa3b11dea82ab9f4ee295c21%26startIndex%3D1%26contextData%3D%2528sc.CustomDigest%2529%26transitionType%3DCustomDigestItem&listSource=Search&listPageSource=18fab9d92a2b80a5a4b27cdb8d8c9295&list=CUSTOMDIGEST&rank=1&sessionScopeId=968eef21bde5c9fec856fdad901d6f8db69bb1b15a57fa92a30c19daadd24fbf&originationContext=Custom%20Digest&transitionType=CustomDigestItem&contextData=%28sc.CustomDigest%29#co_anchor_F82019886897
2,"United States Court of Appeals, Federal Circuit.","September 25, 2009",http://lps3.1.next.westlaw.com.libproxy.snu.ac.kr/Document/Ic79078c3aa3b11dea82ab9f4ee295c21/View/FullText.html?navigationPath=Search%2Fv1%2Fresults%2Fnavigation%2Fi0ad7401600000163372620011822756b%3FNav%3DCUSTOMDIGEST%26fragmentIdentifier%3DIc79078c3aa3b11dea82ab9f4ee295c21%26startIndex%3D1%26contextData%3D%2528sc.CustomDigest%2529%26transitionType%3DCustomDigestItem&listSource=Search&listPageSource=18fab9d92a2b80a5a4b27cdb8d8c9295&list=CUSTOMDIGEST&rank=2&sessionScopeId=968eef21bde5c9fec856fdad901d6f8db69bb1b15a57fa92a30c19daadd24fbf&originationContext=Custom%20Digest&transitionType=CustomDigestItem&contextData=%28sc.CustomDigest%29#co_anchor_F102019886897
3,"United States Court of Appeals, Federal Circuit.","September 25, 2009",http://lps3.1.next.westlaw.com.libproxy.snu.ac.kr/Document/Ic79078c3aa3b11dea82ab9f4ee295c21/View/FullText.html?navigationPath=Search%2Fv1%2Fresults%2Fnavigation%2Fi0ad7401600000163372620011822756b%3FNav%3DCUSTOMDIGEST%26fragmentIdentifier%3DIc79078c3aa3b11dea82ab9f4ee295c21%26startIndex%3D1%26contextData%3D%2528sc.CustomDigest%2529%26transitionType%3DCustomDigestItem&listSource=Search&listPageSource=18fab9d92a2b80a5a4b27cdb8d8c9295&list=CUSTOMDIGEST&rank=3&sessionScopeId=968eef21bde5c9fec856fdad901d6f8db69bb1b15a57fa92a30c19daadd24fbf&originationContext=Custom%20Digest&transitionType=CustomDigestItem&contextData=%28sc.CustomDigest%29#co_anchor_F122019886897
4,"United States Court of Appeals, Federal Circuit.","September 25, 2009",http://lps3.1.next.westlaw.com.libproxy.snu.ac.kr/Document/Ic79078c3aa3b11dea82ab9f4ee295c21/View/FullText.html?navigationPath=Search%2Fv1%2Fresults%2Fnavigation%2Fi0ad7401600000163372620011822756b%3FNav%3DCUSTOMDIGEST%26fragmentIdentifier%3DIc79078c3aa3b11dea82ab9f4ee295c21%26startIndex%3D1%26contextData%3D%2528sc.CustomDigest%2529%26transitionType%3DCustomDigestItem&listSource=Search&listPageSource=18fab9d92a2b80a5a4b27cdb8d8c9295&list=CUSTOMDIGEST&rank=4&sessionScopeId=968eef21bde5c9fec856fdad901d6f8db69bb1b15a57fa92a30c19daadd24fbf&originationContext=Custom%20Digest&transitionType=CustomDigestItem&contextData=%28sc.CustomDigest%29#co_anchor_F132019886897
5,"United States Court of Appeals, Federal Circuit.","November 3, 1997",http://lps3.1.next.westlaw.com.libproxy.snu.ac.kr/Document/I25834ad7943111d9bdd1cfdd544ca3a4/View/FullText.html?navigationPath=Search%2Fv1%2Fresults%2Fnavigation%2Fi0ad7401600000163372620011822756b%3FNav%3DCUSTOMDIGEST%26fragmentIdentifier%3DI25834ad7943111d9bdd1cfdd544ca3a4%26startIndex%3D1%26contextData%3D%2528sc.CustomDigest%2529%26transitionType%3DCustomDigestItem&listSource=Search&listPageSource=18fab9d92a2b80a5a4b27cdb8d8c9295&list=CUSTOMDIGEST&rank=5&sessionScopeId=968eef21bde5c9fec856fdad901d6f8db69bb1b15a57fa92a30c19daadd24fbf&originationContext=Custom%20Digest&transitionType=CustomDigestItem&contextData=%28sc.CustomDigest%29#co_anchor_F41997222583
6,"United States Court of Appeals, Federal Circuit.","August 28, 1996",http://lps3.1.next.westlaw.com.libproxy.snu.ac.kr/Document/I3e3fc265934611d9bdd1cfdd544ca3a4/View/FullText.html?navigationPath=Search%2Fv1%2Fresults%2Fnavigation%2Fi0ad7401600000163372620011822756b%3FNav%3DCUSTOMDIGEST%26fragmentIdentifier%3DI3e3fc265934611d9bdd1cfdd544ca3a4%26startIndex%3D1%26contextData%3D%2528sc.CustomDigest%2529%26transitionType%3DCustomDigestItem&listSource=Search&listPageSource=18fab9d92a2b80a5a4b27cdb8d8c9295&list=CUSTOMDIGEST&rank=6&sessionScopeId=968eef21bde5c9fec856fdad901d6f8db69bb1b15a57fa92a30c19daadd24fbf&originationContext=Custom%20Digest&transitionType=CustomDigestItem&contextData=%28sc.CustomDigest%29#co_anchor_F11996200053
7,"United States Court of Appeals, Federal Circuit.","August 28, 1996",http://lps3.1.next.westlaw.com.libproxy.snu.ac.kr/Document/I3e3fc265934611d9bdd1cfdd544ca3a4/View/FullText.html?navigationPath=Search%2Fv1%2Fresults%2Fnavigation%2Fi0ad7401600000163372620011822756b%3FNav%3DCUSTOMDIGEST%26fragmentIdentifier%3DI3e3fc265934611d9bdd1cfdd544ca3a4%26startIndex%3D1%26contextData%3D%2528sc.CustomDigest%2529%26transitionType%3DCustomDigestItem&listSource=Search&listPageSource=18fab9d92a2b80a5a4b27cdb8d8c9295&list=CUSTOMDIGEST&rank=7&sessionScopeId=968eef21bde5c9fec856fdad901d6f8db69bb1b15a57fa92a30c19daadd24fbf&originationContext=Custom%20Digest&transitionType=CustomDigestItem&contextData=%28sc.CustomDigest%29#co_anchor_F21996200053
8,"United States Court of Appeals, Federal Circuit.","September 20, 1991",http://lps3.1.next.westlaw.com.libproxy.snu.ac.kr/Document/I2c20e5aa94c211d9bdd1cfdd544ca3a4/View/FullText.html?navigationPath=Search%2Fv1%2Fresults%2Fnavigation%2Fi0ad7401600000163372620011822756b%3FNav%3DCUSTOMDIGEST%26fragmentIdentifier%3DI2c20e5aa94c211d9bdd1cfdd544ca3a4%26startIndex%3D1%26contextData%3D%2528sc.CustomDigest%2529%26transitionType%3DCustomDigestItem&listSource=Search&listPageSource=18fab9d92a2b80a5a4b27cdb8d8c9295&list=CUSTOMDIGEST&rank=8&sessionScopeId=968eef21bde5c9fec856fdad901d6f8db69bb1b15a57fa92a30c19daadd24fbf&originationContext=Custom%20Digest&transitionType=CustomDigestItem&contextData=%28sc.CustomDigest%29#co_anchor_F51991158815
9,"United States Court of Appeals, Federal Circuit.","January 28, 1985",http://lps3.1.next.westlaw.com.libproxy.snu.ac.kr/Document/Id0d11ba494a511d9a707f4371c9c34f0/View/FullText.html?navigationPath=Search%2Fv1%2Fresults%2Fnavigation%2Fi0ad7401600000163372620011822756b%3FNav%3DCUSTOMDIGEST%26fragmentIdentifier%3DId0d11ba494a511d9a707f4371c9c34f0%26startIndex%3D1%26contextData%3D%2528sc.CustomDigest%2529%26transitionType%3DCustomDigestItem&listSource=Search&listPageSource=18fab9d92a2b80a5a4b27cdb8d8c9295&list=CUSTOMDIGEST&rank=9&sessionScopeId=968eef21bde5c9fec856fdad901d6f8db69bb1b15a57fa92a30c19daadd24fbf&originationContext=Custom%20Digest&transitionType=CustomDigestItem&contextData=%28sc.CustomDigest%29#co_anchor_F21985104979
10,"United States Court of Appeals, Federal Circuit.","December 30, 1983",http://lps3.1.next.westlaw.com.libproxy.snu.ac.kr/Document/Ic8d978d6944511d993e6d35cc61aab4a/View/FullText.html?navigationPath=Search%2Fv1%2Fresults%2Fnavigation%2Fi0ad7401600000163372620011822756b%3FNav%3DCUSTOMDIGEST%26fragmentIdentifier%3DIc8d978d6944511d993e6d35cc61aab4a%26startIndex%3D1%26contextData%3D%2528sc.CustomDigest%2529%26transitionType%3DCustomDigestItem&listSource=Search&listPageSource=18fab9d92a2b80a5a4b27cdb8d8c9295&list=CUSTOMDIGEST&rank=10&sessionScopeId=968eef21bde5c9fec856fdad901d6f8db69bb1b15a57fa92a30c19daadd24fbf&originationContext=Custom%20Digest&transitionType=CustomDigestItem&contextData=%28sc.CustomDigest%29#co_anchor_F31984100276
11,"United States Court of Appeals, Federal Circuit.","December 30, 1983",http://lps3.1.next.westlaw.com.libproxy.snu.ac.kr/Document/Ic8d978d6944511d993e6d35cc61aab4a/View/FullText.html?navigationPath=Search%2Fv1%2Fresults%2Fnavigation%2Fi0ad7401600000163372620011822756b%3FNav%3DCUSTOMDIGEST%26fragmentIdentifier%3DIc8d978d6944511d993e6d35cc61aab4a%26startIndex%3D1%26contextData%3D%2528sc.CustomDigest%2529%26transitionType%3DCustomDigestItem&listSource=Search&listPageSource=18fab9d92a2b80a5a4b27cdb8d8c9295&list=CUSTOMDIGEST&rank=11&sessionScopeId=968eef21bde5c9fec856fdad901d6f8db69bb1b15a57fa92a30c19daadd24fbf&originationContext=Custom%20Digest&transitionType=CustomDigestItem&contextData=%28sc.CustomDigest%29#co_anchor_F101984100276
12,"United States Court of Appeals, Federal Circuit.","February 14, 1983",http://lps3.1.next.westlaw.com.libproxy.snu.ac.kr/Document/I097a01ad93fd11d993e6d35cc61aab4a/View/FullText.html?navigationPath=Search%2Fv1%2Fresults%2Fnavigation%2Fi0ad7401600000163372620011822756b%3FNav%3DCUSTOMDIGEST%26fragmentIdentifier%3DI097a01ad93fd11d993e6d35cc61aab4a%26startIndex%3D1%26contextData%3D%2528sc.CustomDigest%2529%26transitionType%3DCustomDigestItem&listSource=Search&listPageSource=18fab9d92a2b80a5a4b27cdb8d8c9295&list=CUSTOMDIGEST&rank=12&sessionScopeId=968eef21bde5c9fec856fdad901d6f8db69bb1b15a57fa92a30c19daadd24fbf&originationContext=Custom%20Digest&transitionType=CustomDigestItem&contextData=%28sc.CustomDigest%29#co_anchor_F71983108256
13,"United States Court of Appeals, Federal Circuit.","September 7, 2005",http://lps3.1.next.westlaw.com.libproxy.snu.ac.kr/Document/Id82e1af41f1711daaea49302b5f61a35/View/FullText.html?navigationPath=Search%2Fv1%2Fresults%2Fnavigation%2Fi0ad7401600000163372620011822756b%3FNav%3DCUSTOMDIGEST%26fragmentIdentifier%3DId82e1af41f1711daaea49302b5f61a35%26startIndex%3D1%26contextData%3D%2528sc.CustomDigest%2529%26transitionType%3DCustomDigestItem&listSource=Search&listPageSource=18fab9d92a2b80a5a4b27cdb8d8c9295&list=CUSTOMDIGEST&rank=13&sessionScopeId=968eef21bde5c9fec856fdad901d6f8db69bb1b15a57fa92a30c19daadd24fbf&originationContext=Custom%20Digest&transitionType=CustomDigestItem&contextData=%28sc.CustomDigest%29#co_anchor_F32007245670
14,"United States Court of Appeals, Federal Circuit.","August 6, 1999",http://lps3.1.next.westlaw.com.libproxy.snu.ac.kr/Document/I86f693e794ad11d9bdd1cfdd544ca3a4/View/FullText.html?navigationPath=Search%2Fv1%2Fresults%2Fnavigation%2Fi0ad7401600000163372620011822756b%3FNav%3DCUSTOMDIGEST%26fragmentIdentifier%3DI86f693e794ad11d9bdd1cfdd544ca3a4%26startIndex%3D1%26contextData%3D%2528sc.CustomDigest%2529%26transitionType%3DCustomDigestItem&listSource=Search&listPageSource=18fab9d92a2b80a5a4b27cdb8d8c9295&list=CUSTOMDIGEST&rank=14&sessionScopeId=968eef21bde5c9fec856fdad901d6f8db69bb1b15a57fa92a30c19daadd24fbf&originationContext=Custom%20Digest&transitionType=CustomDigestItem&contextData=%28sc.CustomDigest%29#co_anchor_F11999184753
15,"United States Court of Appeals, Federal Circuit.","August 6, 1999",http://lps3.1.next.westlaw.com.libproxy.snu.ac.kr/Document/I86f693e794ad11d9bdd1cfdd544ca3a4/View/FullText.html?navigationPath=Search%2Fv1%2Fresults%2Fnavigation%2Fi0ad7401600000163372620011822756b%3FNav%3DCUSTOMDIGEST%26fragmentIdentifier%3DI86f693e794ad11d9bdd1cfdd544ca3a4%26startIndex%3D1%26contextData%3D%2528sc.CustomDigest%2529%26transitionType%3DCustomDigestItem&listSource=Search&listPageSource=18fab9d92a2b80a5a4b27cdb8d8c9295&list=CUSTOMDIGEST&rank=15&sessionScopeId=968eef21bde5c9fec856fdad901d6f8db69bb1b15a57fa92a30c19daadd24fbf&originationContext=Custom%20Digest&transitionType=CustomDigestItem&contextData=%28sc.CustomDigest%29#co_anchor_F31999184753
16,"United States Court of Appeals, Federal Circuit.","September 25, 2009",http://lps3.1.next.westlaw.com.libproxy.snu.ac.kr/Document/Ic79078c3aa3b11dea82ab9f4ee295c21/View/FullText.html?navigationPath=Search%2Fv1%2Fresults%2Fnavigation%2Fi0ad7401600000163372620011822756b%3FNav%3DCUSTOMDIGEST%26fragmentIdentifier%3DIc79078c3aa3b11dea82ab9f4ee295c21%26startIndex%3D1%26contextData%3D%2528sc.CustomDigest%2529%26transitionType%3DCustomDigestItem&listSource=Search&listPageSource=18fab9d92a2b80a5a4b27cdb8d8c9295&list=CUSTOMDIGEST&rank=16&sessionScopeId=968eef21bde5c9fec856fdad901d6f8db69bb1b15a57fa92a30c19daadd24fbf&originationContext=Custom%20Digest&transitionType=CustomDigestItem&contextData=%28sc.CustomDigest%29#co_anchor_F62019886897
17,"United States Court of Appeals, Federal Circuit.","November 12, 2003",http://lps3.1.next.westlaw.com.libproxy.snu.ac.kr/Document/I75444de089ef11d9ac45f46c5ea084a3/View/FullText.html?navigationPath=Search%2Fv1%2Fresults%2Fnavigation%2Fi0ad7401600000163372620011822756b%3FNav%3DCUSTOMDIGEST%26fragmentIdentifier%3DI75444de089ef11d9ac45f46c5ea084a3%26startIndex%3D1%26contextData%3D%2528sc.CustomDigest%2529%26transitionType%3DCustomDigestItem&listSource=Search&listPageSource=18fab9d92a2b80a5a4b27cdb8d8c9295&list=CUSTOMDIGEST&rank=17&sessionScopeId=968eef21bde5c9fec856fdad901d6f8db69bb1b15a57fa92a30c19daadd24fbf&originationContext=Custom%20Digest&transitionType=CustomDigestItem&contextData=%28sc.CustomDigest%29#co_anchor_F102003823473
18,"United States Court of Appeals, Federal Circuit.","September 21, 2001",http://lps3.1.next.westlaw.com.libproxy.snu.ac.kr/Document/If8432f4279be11d98c82a53fc8ac8757/View/FullText.html?navigationPath=Search%2Fv1%2Fresults%2Fnavigation%2Fi0ad7401600000163372620011822756b%3FNav%3DCUSTOMDIGEST%26fragmentIdentifier%3DIf8432f4279be11d98c82a53fc8ac8757%26startIndex%3D1%26contextData%3D%2528sc.CustomDigest%2529%26transitionType%3DCustomDigestItem&listSource=Search&listPageSource=18fab9d92a2b80a5a4b27cdb8d8c9295&list=CUSTOMDIGEST&rank=18&sessionScopeId=968eef21bde5c9fec856fdad901d6f8db69bb1b15a57fa92a30c19daadd24fbf&originationContext=Custom%20Digest&transitionType=CustomDigestItem&contextData=%28sc.CustomDigest%29#co_anchor_F52001797574
19,"United States Court of Appeals, Federal Circuit.","November 8, 2000",http://lps3.1.next.westlaw.com.libproxy.snu.ac.kr/Document/I5d06b608799111d9bf29e2067ad74e5b/View/FullText.html?navigationPath=Search%2Fv1%2Fresults%2Fnavigation%2Fi0ad7401600000163372620011822756b%3FNav%3DCUSTOMDIGEST%26fragmentIdentifier%3DI5d06b608799111d9bf29e2067ad74e5b%26startIndex%3D1%26contextData%3D%2528sc.CustomDigest%2529%26transitionType%3DCustomDigestItem&listSource=Search&listPageSource=18fab9d92a2b80a5a4b27cdb8d8c9295&list=CUSTOMDIGEST&rank=19&sessionScopeId=968eef21bde5c9fec856fdad901d6f8db69bb1b15a57fa92a30c19daadd24fbf&originationContext=Custom%20Digest&transitionType=CustomDigestItem&contextData=%28sc.CustomDigest%29#co_anchor_F22000604479
20,"United States Court of Appeals, Federal Circuit.","September 7, 1999",http://lps3.1.next.westlaw.com.libproxy.snu.ac.kr/Document/Ib9d3b81b94b211d9a707f4371c9c34f0/View/FullText.html?navigationPath=Search%2Fv1%2Fresults%2Fnavigation%2Fi0ad7401600000163372620011822756b%3FNav%3DCUSTOMDIGEST%26fragmentIdentifier%3DIb9d3b81b94b211d9a707f4371c9c34f0%26startIndex%3D1%26contextData%3D%2528sc.CustomDigest%2529%26transitionType%3DCustomDigestItem&listSource=Search&listPageSource=18fab9d92a2b80a5a4b27cdb8d8c9295&list=CUSTOMDIGEST&rank=20&sessionScopeId=968eef21bde5c9fec856fdad901d6f8db69bb1b15a57fa92a30c19daadd24fbf&originationContext=Custom%20Digest&transitionType=CustomDigestItem&contextData=%28sc.CustomDigest%29#co_anchor_F91999206319
21,"United States Court of Appeals, Federal Circuit.","September 7, 1999",http://lps3.1.next.westlaw.com.libproxy.snu.ac.kr/Document/Ib9d3b81b94b211d9a707f4371c9c34f0/View/FullText.html?navigationPath=Search%2Fv1%2Fresults%2Fnavigation%2Fi0ad7401600000163372620011822756b%3FNav%3DCUSTOMDIGEST%26fragmentIdentifier%3DIb9d3b81b94b211d9a707f4371c9c34f0%26startIndex%3D1%26contextData%3D%2528sc.CustomDigest%2529%26transitionType%3DCustomDigestItem&listSource=Search&listPageSource=18fab9d92a2b80a5a4b27cdb8d8c9295&list=CUSTOMDIGEST&rank=21&sessionScopeId=968eef21bde5c9fec856fdad901d6f8db69bb1b15a57fa92a30c19daadd24fbf&originationContext=Custom%20Digest&transitionType=CustomDigestItem&contextData=%28sc.CustomDigest%29#co_anchor_F101999206319
22,"United States Court of Appeals, Federal Circuit.","September 7, 1999",http://lps3.1.next.westlaw.com.libproxy.snu.ac.kr/Document/Ib9d3b81b94b211d9a707f4371c9c34f0/View/FullText.html?navigationPath=Search%2Fv1%2Fresults%2Fnavigation%2Fi0ad7401600000163372620011822756b%3FNav%3DCUSTOMDIGEST%26fragmentIdentifier%3DIb9d3b81b94b211d9a707f4371c9c34f0%26startIndex%3D1%26contextData%3D%2528sc.CustomDigest%2529%26transitionType%3DCustomDigestItem&listSource=Search&listPageSource=18fab9d92a2b80a5a4b27cdb8d8c9295&list=CUSTOMDIGEST&rank=22&sessionScopeId=968eef21bde5c9fec856fdad901d6f8db69bb1b15a57fa92a30c19daadd24fbf&originationContext=Custom%20Digest&transitionType=CustomDigestItem&contextData=%28sc.CustomDigest%29#co_anchor_F111999206319
23,"United States Court of Appeals, Federal Circuit.","August 6, 1999",http://lps3.1.next.westlaw.com.libproxy.snu.ac.kr/Document/I86f693e794ad11d9bdd1cfdd544ca3a4/View/FullText.html?navigationPath=Search%2Fv1%2Fresults%2Fnavigation%2Fi0ad7401600000163372620011822756b%3FNav%3DCUSTOMDIGEST%26fragmentIdentifier%3DI86f693e794ad11d9bdd1cfdd544ca3a4%26startIndex%3D1%26contextData%3D%2528sc.CustomDigest%2529%26transitionType%3DCustomDigestItem&listSource=Search&listPageSource=18fab9d92a2b80a5a4b27cdb8d8c9295&list=CUSTOMDIGEST&rank=23&sessionScopeId=968eef21bde5c9fec856fdad901d6f8db69bb1b15a57fa92a30c19daadd24fbf&originationContext=Custom%20Digest&transitionType=CustomDigestItem&contextData=%28sc.CustomDigest%29#co_anchor_F11999184753
24,"United States Court of Appeals, Federal Circuit.","October 9, 1992",http://lps3.1.next.westlaw.com.libproxy.snu.ac.kr/Document/Ic9189aeb94d811d993e6d35cc61aab4a/View/FullText.html?navigationPath=Search%2Fv1%2Fresults%2Fnavigation%2Fi0ad7401600000163372620011822756b%3FNav%3DCUSTOMDIGEST%26fragmentIdentifier%3DIc9189aeb94d811d993e6d35cc61aab4a%26startIndex%3D1%26contextData%3D%2528sc.CustomDigest%2529%26transitionType%3DCustomDigestItem&listSource=Search&listPageSource=18fab9d92a2b80a5a4b27cdb8d8c9295&list=CUSTOMDIGEST&rank=24&sessionScopeId=968eef21bde5c9fec856fdad901d6f8db69bb1b15a57fa92a30c19daadd24fbf&originationContext=Custom%20Digest&transitionType=CustomDigestItem&contextData=%28sc.CustomDigest%29#co_anchor_F241992175211
25,"United States Court of Appeals, Federal Circuit.","October 9, 1992",http://lps3.1.next.westlaw.com.libproxy.snu.ac.kr/Document/Ic9189aeb94d811d993e6d35cc61aab4a/View/FullText.html?navigationPath=Search%2Fv1%2Fresults%2Fnavigation%2Fi0ad7401600000163372620011822756b%3FNav%3DCUSTOMDIGEST%26fragmentIdentifier%3DIc9189aeb94d811d993e6d35cc61aab4a%26startIndex%3D1%26contextData%3D%2528sc.CustomDigest%2529%26transitionType%3DCustomDigestItem&listSource=Search&listPageSource=18fab9d92a2b80a5a4b27cdb8d8c9295&list=CUSTOMDIGEST&rank=25&sessionScopeId=968eef21bde5c9fec856fdad901d6f8db69bb1b15a57fa92a30c19daadd24fbf&originationContext=Custom%20Digest&transitionType=CustomDigestItem&contextData=%28sc.CustomDigest%29#co_anchor_F251992175211
26,"United States Court of Appeals, Federal Circuit.","September 26, 1991",http://lps3.1.next.westlaw.com.libproxy.snu.ac.kr/Document/Idcde5eac94c111d9a707f4371c9c34f0/View/FullText.html?navigationPath=Search%2Fv1%2Fresults%2Fnavigation%2Fi0ad7401600000163372620011822756b%3FNav%3DCUSTOMDIGEST%26fragmentIdentifier%3DIdcde5eac94c111d9a707f4371c9c34f0%26startIndex%3D1%26contextData%3D%2528sc.CustomDigest%2529%26transitionType%3DCustomDigestItem&listSource=Search&listPageSource=18fab9d92a2b80a5a4b27cdb8d8c9295&list=CUSTOMDIGEST&rank=26&sessionScopeId=968eef21bde5c9fec856fdad901d6f8db69bb1b15a57fa92a30c19daadd24fbf&originationContext=Custom%20Digest&transitionType=CustomDigestItem&contextData=%28sc.CustomDigest%29#co_anchor_F101991161976
27,"United States Court of Appeals, Federal Circuit.","March 19, 1984",http://lps3.1.next.westlaw.com.libproxy.snu.ac.kr/Document/Ib8036ab4944b11d9bc61beebb95be672/View/FullText.html?navigationPath=Search%2Fv1%2Fresults%2Fnavigation%2Fi0ad7401600000163372620011822756b%3FNav%3DCUSTOMDIGEST%26fragmentIdentifier%3DIb8036ab4944b11d9bc61beebb95be672%26startIndex%3D1%26contextData%3D%2528sc.CustomDigest%2529%26transitionType%3DCustomDigestItem&listSource=Search&listPageSource=18fab9d92a2b80a5a4b27cdb8d8c9295&list=CUSTOMDIGEST&rank=27&sessionScopeId=968eef21bde5c9fec856fdad901d6f8db69bb1b15a57fa92a30c19daadd24fbf&originationContext=Custom%20Digest&transitionType=CustomDigestItem&contextData=%28sc.CustomDigest%29#co_anchor_F121984114299
28,"United States Court of Appeals, Federal Circuit.","December 30, 1983",http://lps3.1.next.westlaw.com.libproxy.snu.ac.kr/Document/Ic8d978d6944511d993e6d35cc61aab4a/View/FullText.html?navigationPath=Search%2Fv1%2Fresults%2Fnavigation%2Fi0ad7401600000163372620011822756b%3FNav%3DCUSTOMDIGEST%26fragmentIdentifier%3DIc8d978d6944511d993e6d35cc61aab4a%26startIndex%3D1%26contextData%3D%2528sc.CustomDigest%2529%26transitionType%3DCustomDigestItem&listSource=Search&listPageSource=18fab9d92a2b80a5a4b27cdb8d8c9295&list=CUSTOMDIGEST&rank=28&sessionScopeId=968eef21bde5c9fec856fdad901d6f8db69bb1b15a57fa92a30c19daadd24fbf&originationContext=Custom%20Digest&transitionType=CustomDigestItem&contextData=%28sc.CustomDigest%29#co_anchor_F91984100276
29,"United States Court of Appeals, Federal Circuit.","November 23, 1983",http://lps3.1.next.westlaw.com.libproxy.snu.ac.kr/Document/Ia27ebfe1941511d9a707f4371c9c34f0/View/FullText.html?navigationPath=Search%2Fv1%2Fresults%2Fnavigation%2Fi0ad7401600000163372620011822756b%3FNav%3DCUSTOMDIGEST%26fragmentIdentifier%3DIa27ebfe1941511d9a707f4371c9c34f0%26startIndex%3D1%26contextData%3D%2528sc.CustomDigest%2529%26transitionType%3DCustomDigestItem&listSource=Search&listPageSource=18fab9d92a2b80a5a4b27cdb8d8c9295&list=CUSTOMDIGEST&rank=29&sessionScopeId=968eef21bde5c9fec856fdad901d6f8db69bb1b15a57fa92a30c19daadd24fbf&originationContext=Custom%20Digest&transitionType=CustomDigestItem&contextData=%28sc.CustomDigest%29#co_anchor_F171983153166
30,"United States Court of Appeals, Federal Circuit.","November 8, 2000",http://lps3.1.next.westlaw.com.libproxy.snu.ac.kr/Document/I5d06b608799111d9bf29e2067ad74e5b/View/FullText.html?navigationPath=Search%2Fv1%2Fresults%2Fnavigation%2Fi0ad7401600000163372620011822756b%3FNav%3DCUSTOMDIGEST%26fragmentIdentifier%3DI5d06b608799111d9bf29e2067ad74e5b%26startIndex%3D1%26contextData%3D%2528sc.CustomDigest%2529%26transitionType%3DCustomDigestItem&listSource=Search&listPageSource=18fab9d92a2b80a5a4b27cdb8d8c9295&list=CUSTOMDIGEST&rank=30&sessionScopeId=968eef21bde5c9fec856fdad901d6f8db69bb1b15a57fa92a30c19daadd24fbf&originationContext=Custom%20Digest&transitionType=CustomDigestItem&contextData=%28sc.CustomDigest%29#co_anchor_F82000604479
31,"United States Court of Appeals, Federal Circuit.","September 7, 1999",http://lps3.1.next.westlaw.com.libproxy.snu.ac.kr/Document/Ib9d3b81b94b211d9a707f4371c9c34f0/View/FullText.html?navigationPath=Search%2Fv1%2Fresults%2Fnavigation%2Fi0ad7401600000163372620011822756b%3FNav%3DCUSTOMDIGEST%26fragmentIdentifier%3DIb9d3b81b94b211d9a707f4371c9c34f0%26startIndex%3D1%26contextData%3D%2528sc.CustomDigest%2529%26transitionType%3DCustomDigestItem&listSource=Search&listPageSource=18fab9d92a2b80a5a4b27cdb8d8c9295&list=CUSTOMDIGEST&rank=31&sessionScopeId=968eef21bde5c9fec856fdad901d6f8db69bb1b15a57fa92a30c19daadd24fbf&originationContext=Custom%20Digest&transitionType=CustomDigestItem&contextData=%28sc.CustomDigest%29#co_anchor_F141999206319
32,"United States Court of Appeals, Federal Circuit.","August 6, 1999",http://lps3.1.next.westlaw.com.libproxy.snu.ac.kr/Document/I86f693e794ad11d9bdd1cfdd544ca3a4/View/FullText.html?navigationPath=Search%2Fv1%2Fresults%2Fnavigation%2Fi0ad7401600000163372620011822756b%3FNav%3DCUSTOMDIGEST%26fragmentIdentifier%3DI86f693e794ad11d9bdd1cfdd544ca3a4%26startIndex%3D1%26contextData%3D%2528sc.CustomDigest%2529%26transitionType%3DCustomDigestItem&listSource=Search&listPageSource=18fab9d92a2b80a5a4b27cdb8d8c9295&list=CUSTOMDIGEST&rank=32&sessionScopeId=968eef21bde5c9fec856fdad901d6f8db69bb1b15a57fa92a30c19daadd24fbf&originationContext=Custom%20Digest&transitionType=CustomDigestItem&contextData=%28sc.CustomDigest%29#co_anchor_F21999184753
33,"United States Court of Appeals, Federal Circuit.","September 26, 1991",http://lps3.1.next.westlaw.com.libproxy.snu.ac.kr/Document/Idcde5eac94c111d9a707f4371c9c34f0/View/FullText.html?navigationPath=Search%2Fv1%2Fresults%2Fnavigation%2Fi0ad7401600000163372620011822756b%3FNav%3DCUSTOMDIGEST%26fragmentIdentifier%3DIdcde5eac94c111d9a707f4371c9c34f0%26startIndex%3D1%26contextData%3D%2528sc.CustomDigest%2529%26transitionType%3DCustomDigestItem&listSource=Search&listPageSource=18fab9d92a2b80a5a4b27cdb8d8c9295&list=CUSTOMDIGEST&rank=33&sessionScopeId=968eef21bde5c9fec856fdad901d6f8db69bb1b15a57fa92a30c19daadd24fbf&originationContext=Custom%20Digest&transitionType=CustomDigestItem&contextData=%28sc.CustomDigest%29#co_anchor_F91991161976
34,"United States Court of Appeals, Federal Circuit.","March 26, 1984",http://lps3.1.next.westlaw.com.libproxy.snu.ac.kr/Document/Ib7ff24fb944b11d9bc61beebb95be672/View/FullText.html?navigationPath=Search%2Fv1%2Fresults%2Fnavigation%2Fi0ad7401600000163372620011822756b%3FNav%3DCUSTOMDIGEST%26fragmentIdentifier%3DIb7ff24fb944b11d9bc61beebb95be672%26startIndex%3D1%26contextData%3D%2528sc.CustomDigest%2529%26transitionType%3DCustomDigestItem&listSource=Search&listPageSource=18fab9d92a2b80a5a4b27cdb8d8c9295&list=CUSTOMDIGEST&rank=34&sessionScopeId=968eef21bde5c9fec856fdad901d6f8db69bb1b15a57fa92a30c19daadd24fbf&originationContext=Custom%20Digest&transitionType=CustomDigestItem&contextData=%28sc.CustomDigest%29#co_anchor_F121984115439
35,"United States Court of Appeals, Federal Circuit.","December 30, 1983",http://lps3.1.next.westlaw.com.libproxy.snu.ac.kr/Document/Ic8d978d6944511d993e6d35cc61aab4a/View/FullText.html?navigationPath=Search%2Fv1%2Fresults%2Fnavigation%2Fi0ad7401600000163372620011822756b%3FNav%3DCUSTOMDIGEST%26fragmentIdentifier%3DIc8d978d6944511d993e6d35cc61aab4a%26startIndex%3D1%26contextData%3D%2528sc.CustomDigest%2529%26transitionType%3DCustomDigestItem&listSource=Search&listPageSource=18fab9d92a2b80a5a4b27cdb8d8c9295&list=CUSTOMDIGEST&rank=35&sessionScopeId=968eef21bde5c9fec856fdad901d6f8db69bb1b15a57fa92a30c19daadd24fbf&originationContext=Custom%20Digest&transitionType=CustomDigestItem&contextData=%28sc.CustomDigest%29#co_anchor_F71984100276
36,"United States Court of Appeals, Federal Circuit.","September 7, 2005",http://lps3.1.next.westlaw.com.libproxy.snu.ac.kr/Document/Id82e1af41f1711daaea49302b5f61a35/View/FullText.html?navigationPath=Search%2Fv1%2Fresults%2Fnavigation%2Fi0ad7401600000163372620011822756b%3FNav%3DCUSTOMDIGEST%26fragmentIdentifier%3DId82e1af41f1711daaea49302b5f61a35%26startIndex%3D1%26contextData%3D%2528sc.CustomDigest%2529%26transitionType%3DCustomDigestItem&listSource=Search&listPageSource=18fab9d92a2b80a5a4b27cdb8d8c9295&list=CUSTOMDIGEST&rank=36&sessionScopeId=968eef21bde5c9fec856fdad901d6f8db69bb1b15a57fa92a30c19daadd24fbf&originationContext=Custom%20Digest&transitionType=CustomDigestItem&contextData=%28sc.CustomDigest%29#co_anchor_F22007245670
37,"United States Court of Appeals, Federal Circuit.","January 6, 2003",http://lps3.1.next.westlaw.com.libproxy.snu.ac.kr/Document/Ieded6cb289bb11d9ac45f46c5ea084a3/View/FullText.html?navigationPath=Search%2Fv1%2Fresults%2Fnavigation%2Fi0ad7401600000163372620011822756b%3FNav%3DCUSTOMDIGEST%26fragmentIdentifier%3DIeded6cb289bb11d9ac45f46c5ea084a3%26startIndex%3D1%26contextData%3D%2528sc.CustomDigest%2529%26transitionType%3DCustomDigestItem&listSource=Search&listPageSource=18fab9d92a2b80a5a4b27cdb8d8c9295&list=CUSTOMDIGEST&rank=37&sessionScopeId=968eef21bde5c9fec856fdad901d6f8db69bb1b15a57fa92a30c19daadd24fbf&originationContext=Custom%20Digest&transitionType=CustomDigestItem&contextData=%28sc.CustomDigest%29#co_anchor_F262003065297
38,"United States Court of Appeals, Federal Circuit.","March 30, 1995",http://lps3.1.next.westlaw.com.libproxy.snu.ac.kr/Document/I81439952918111d993e6d35cc61aab4a/View/FullText.html?navigationPath=Search%2Fv1%2Fresults%2Fnavigation%2Fi0ad7401600000163372620011822756b%3FNav%3DCUSTOMDIGEST%26fragmentIdentifier%3DI81439952918111d993e6d35cc61aab4a%26startIndex%3D1%26contextData%3D%2528sc.CustomDigest%2529%26transitionType%3DCustomDigestItem&listSource=Search&listPageSource=18fab9d92a2b80a5a4b27cdb8d8c9295&list=CUSTOMDIGEST&rank=38&sessionScopeId=968eef21bde5c9fec856fdad901d6f8db69bb1b15a57fa92a30c19daadd24fbf&originationContext=Custom%20Digest&transitionType=CustomDigestItem&contextData=%28sc.CustomDigest%29#co_anchor_F21995076737
39,"United States Court of Appeals, Federal Circuit.","March 30, 1995",http://lps3.1.next.westlaw.com.libproxy.snu.ac.kr/Document/I81439952918111d993e6d35cc61aab4a/View/FullText.html?navigationPath=Search%2Fv1%2Fresults%2Fnavigation%2Fi0ad7401600000163372620011822756b%3FNav%3DCUSTOMDIGEST%26fragmentIdentifier%3DI81439952918111d993e6d35cc61aab4a%26startIndex%3D1%26contextData%3D%2528sc.CustomDigest%2529%26transitionType%3DCustomDigestItem&listSource=Search&listPageSource=18fab9d92a2b80a5a4b27cdb8d8c9295&list=CUSTOMDIGEST&rank=39&sessionScopeId=968eef21bde5c9fec856fdad901d6f8db69bb1b15a57fa92a30c19daadd24fbf&originationContext=Custom%20Digest&transitionType=CustomDigestItem&contextData=%28sc.CustomDigest%29#co_anchor_F81995076737
40,"United States Court of Appeals, Federal Circuit.","November 8, 2000",http://lps3.1.next.westlaw.com.libproxy.snu.ac.kr/Document/I5d06b608799111d9bf29e2067ad74e5b/View/FullText.html?navigationPath=Search%2Fv1%2Fresults%2Fnavigation%2Fi0ad7401600000163372620011822756b%3FNav%3DCUSTOMDIGEST%26fragmentIdentifier%3DI5d06b608799111d9bf29e2067ad74e5b%26startIndex%3D1%26contextData%3D%2528sc.CustomDigest%2529%26transitionType%3DCustomDigestItem&listSource=Search&listPageSource=18fab9d92a2b80a5a4b27cdb8d8c9295&list=CUSTOMDIGEST&rank=40&sessionScopeId=968eef21bde5c9fec856fdad901d6f8db69bb1b15a57fa92a30c19daadd24fbf&originationContext=Custom%20Digest&transitionType=CustomDigestItem&contextData=%28sc.CustomDigest%29#co_anchor_F72000604479
41,"United States Court of Appeals, Federal Circuit.","March 30, 1995",http://lps3.1.next.westlaw.com.libproxy.snu.ac.kr/Document/I81439952918111d993e6d35cc61aab4a/View/FullText.html?navigationPath=Search%2Fv1%2Fresults%2Fnavigation%2Fi0ad7401600000163372620011822756b%3FNav%3DCUSTOMDIGEST%26fragmentIdentifier%3DI81439952918111d993e6d35cc61aab4a%26startIndex%3D1%26contextData%3D%2528sc.CustomDigest%2529%26transitionType%3DCustomDigestItem&listSource=Search&listPageSource=18fab9d92a2b80a5a4b27cdb8d8c9295&list=CUSTOMDIGEST&rank=41&sessionScopeId=968eef21bde5c9fec856fdad901d6f8db69bb1b15a57fa92a30c19daadd24fbf&originationContext=Custom%20Digest&transitionType=CustomDigestItem&contextData=%28sc.CustomDigest%29#co_anchor_F31995076737
42,"United States Court of Appeals, Federal Circuit.","March 30, 1995",http://lps3.1.next.westlaw.com.libproxy.snu.ac.kr/Document/I81439952918111d993e6d35cc61aab4a/View/FullText.html?navigationPath=Search%2Fv1%2Fresults%2Fnavigation%2Fi0ad7401600000163372620011822756b%3FNav%3DCUSTOMDIGEST%26fragmentIdentifier%3DI81439952918111d993e6d35cc61aab4a%26startIndex%3D1%26contextData%3D%2528sc.CustomDigest%2529%26transitionType%3DCustomDigestItem&listSource=Search&listPageSource=18fab9d92a2b80a5a4b27cdb8d8c9295&list=CUSTOMDIGEST&rank=42&sessionScopeId=968eef21bde5c9fec856fdad901d6f8db69bb1b15a57fa92a30c19daadd24fbf&originationContext=Custom%20Digest&transitionType=CustomDigestItem&contextData=%28sc.CustomDigest%29#co_anchor_F41995076737
43,"United States Court of Appeals, Federal Circuit.","August 28, 1996",http://lps3.1.next.westlaw.com.libproxy.snu.ac.kr/Document/I3e3fc265934611d9bdd1cfdd544ca3a4/View/FullText.html?navigationPath=Search%2Fv1%2Fresults%2Fnavigation%2Fi0ad7401600000163372620011822756b%3FNav%3DCUSTOMDIGEST%26fragmentIdentifier%3DI3e3fc265934611d9bdd1cfdd544ca3a4%26startIndex%3D1%26contextData%3D%2528sc.CustomDigest%2529%26transitionType%3DCustomDigestItem&listSource=Search&listPageSource=18fab9d92a2b80a5a4b27cdb8d8c9295&list=CUSTOMDIGEST&rank=43&sessionScopeId=968eef21bde5c9fec856fdad901d6f8db69bb1b15a57fa92a30c19daadd24fbf&originationContext=Custom%20Digest&transitionType=CustomDigestItem&contextData=%28sc.CustomDigest%29#co_anchor_F41996200053
44,"United States Court of Appeals, Federal Circuit.","January 28, 1985",http://lps3.1.next.westlaw.com.libproxy.snu.ac.kr/Document/Id0d11ba494a511d9a707f4371c9c34f0/View/FullText.html?navigationPath=Search%2Fv1%2Fresults%2Fnavigation%2Fi0ad7401600000163372620011822756b%3FNav%3DCUSTOMDIGEST%26fragmentIdentifier%3DId0d11ba494a511d9a707f4371c9c34f0%26startIndex%3D1%26contextData%3D%2528sc.CustomDigest%2529%26transitionType%3DCustomDigestItem&listSource=Search&listPageSource=18fab9d92a2b80a5a4b27cdb8d8c9295&list=CUSTOMDIGEST&rank=44&sessionScopeId=968eef21bde5c9fec856fdad901d6f8db69bb1b15a57fa92a30c19daadd24fbf&originationContext=Custom%20Digest&transitionType=CustomDigestItem&contextData=%28sc.CustomDigest%29#co_anchor_F41985104979
45,"United States Court of Appeals, Federal Circuit.","January 28, 1985",http://lps3.1.next.westlaw.com.libproxy.snu.ac.kr/Document/Id0d11ba494a511d9a707f4371c9c34f0/View/FullText.html?navigationPath=Search%2Fv1%2Fresults%2Fnavigation%2Fi0ad7401600000163372620011822756b%3FNav%3DCUSTOMDIGEST%26fragmentIdentifier%3DId0d11ba494a511d9a707f4371c9c34f0%26startIndex%3D1%26contextData%3D%2528sc.CustomDigest%2529%26transitionType%3DCustomDigestItem&listSource=Search&listPageSource=18fab9d92a2b80a5a4b27cdb8d8c9295&list=CUSTOMDIGEST&rank=45&sessionScopeId=968eef21bde5c9fec856fdad901d6f8db69bb1b15a57fa92a30c19daadd24fbf&originationContext=Custom%20Digest&transitionType=CustomDigestItem&contextData=%28sc.CustomDigest%29#co_anchor_F61985104979
46,"United States Court of Appeals, Federal Circuit.","December 12, 2006",http://lps3.1.next.westlaw.com.libproxy.snu.ac.kr/Document/Ie38fad008ad611dbb29ecfd71e79cb92/View/FullText.html?navigationPath=Search%2Fv1%2Fresults%2Fnavigation%2Fi0ad7401600000163372620011822756b%3FNav%3DCUSTOMDIGEST%26fragmentIdentifier%3DIe38fad008ad611dbb29ecfd71e79cb92%26startIndex%3D1%26contextData%3D%2528sc.CustomDigest%2529%26transitionType%3DCustomDigestItem&listSource=Search&listPageSource=18fab9d92a2b80a5a4b27cdb8d8c9295&list=CUSTOMDIGEST&rank=46&sessionScopeId=968eef21bde5c9fec856fdad901d6f8db69bb1b15a57fa92a30c19daadd24fbf&originationContext=Custom%20Digest&transitionType=CustomDigestItem&contextData=%28sc.CustomDigest%29#co_anchor_F22010878974
47,"United States Court of Appeals, Federal Circuit.","December 12, 2006",http://lps3.1.next.westlaw.com.libproxy.snu.ac.kr/Document/Ie38fad008ad611dbb29ecfd71e79cb92/View/FullText.html?navigationPath=Search%2Fv1%2Fresults%2Fnavigation%2Fi0ad7401600000163372620011822756b%3FNav%3DCUSTOMDIGEST%26fragmentIdentifier%3DIe38fad008ad611dbb29ecfd71e79cb92%26startIndex%3D1%26contextData%3D%2528sc.CustomDigest%2529%26transitionType%3DCustomDigestItem&listSource=Search&listPageSource=18fab9d92a2b80a5a4b27cdb8d8c9295&list=CUSTOMDIGEST&rank=47&sessionScopeId=968eef21bde5c9fec856fdad901d6f8db69bb1b15a57fa92a30c19daadd24fbf&originationContext=Custom%20Digest&transitionType=CustomDigestItem&contextData=%28sc.CustomDigest%29#co_anchor_F32010878974
48,"United States Court of Appeals, Federal Circuit.","December 10, 2004",http://lps3.1.next.westlaw.com.libproxy.snu.ac.kr/Document/I5e25d24279ec11d99c4dbb2f0352441d/View/FullText.html?navigationPath=Search%2Fv1%2Fresults%2Fnavigation%2Fi0ad7401600000163372620011822756b%3FNav%3DCUSTOMDIGEST%26fragmentIdentifier%3DI5e25d24279ec11d99c4dbb2f0352441d%26startIndex%3D1%26contextData%3D%2528sc.CustomDigest%2529%26transitionType%3DCustomDigestItem&listSource=Search&listPageSource=18fab9d92a2b80a5a4b27cdb8d8c9295&list=CUSTOMDIGEST&rank=48&sessionScopeId=968eef21bde5c9fec856fdad901d6f8db69bb1b15a57fa92a30c19daadd24fbf&originationContext=Custom%20Digest&transitionType=CustomDigestItem&contextData=%28sc.CustomDigest%29#co_anchor_F22005738322
49,"United States Court of Appeals, Federal Circuit.","December 10, 2004",http://lps3.1.next.westlaw.com.libproxy.snu.ac.kr/Document/I5e25d24279ec11d99c4dbb2f0352441d/View/FullText.html?navigationPath=Search%2Fv1%2Fresults%2Fnavigation%2Fi0ad7401600000163372620011822756b%3FNav%3DCUSTOMDIGEST%26fragmentIdentifier%3DI5e25d24279ec11d99c4dbb2f0352441d%26startIndex%3D1%26contextData%3D%2528sc.CustomDigest%2529%26transitionType%3DCustomDigestItem&listSource=Search&listPageSource=18fab9d92a2b80a5a4b27cdb8d8c9295&list=CUSTOMDIGEST&rank=49&sessionScopeId=968eef21bde5c9fec856fdad901d6f8db69bb1b15a57fa92a30c19daadd24fbf&originationContext=Custom%20Digest&transitionType=CustomDigestItem&contextData=%28sc.CustomDigest%29#co_anchor_F32005738322
50,"United States Court of Appeals, Federal Circuit.","November 8, 2002",http://lps3.1.next.westlaw.com.libproxy.snu.ac.kr/Document/I390500f689b711d9ac45f46c5ea084a3/View/FullText.html?navigationPath=Search%2Fv1%2Fresults%2Fnavigation%2Fi0ad7401600000163372620011822756b%3FNav%3DCUSTOMDIGEST%26fragmentIdentifier%3DI390500f689b711d9ac45f46c5ea084a3%26startIndex%3D1%26contextData%3D%2528sc.CustomDigest%2529%26transitionType%3DCustomDigestItem&listSource=Search&listPageSource=18fab9d92a2b80a5a4b27cdb8d8c9295&list=CUSTOMDIGEST&rank=50&sessionScopeId=968eef21bde5c9fec856fdad901d6f8db69bb1b15a57fa92a30c19daadd24fbf&originationContext=Custom%20Digest&transitionType=CustomDigestItem&contextData=%28sc.CustomDigest%29#co_anchor_F12002713399
51,"United States Court of Appeals, Federal Circuit.","June 14, 1993",http://lps3.1.next.westlaw.com.libproxy.snu.ac.kr/Document/I1ff91bfa96fa11d9bdd1cfdd544ca3a4/View/FullText.html?navigationPath=Search%2Fv1%2Fresults%2Fnavigation%2Fi0ad7401600000163372620011822756b%3FNav%3DCUSTOMDIGEST%26fragmentIdentifier%3DI1ff91bfa96fa11d9bdd1cfdd544ca3a4%26startIndex%3D1%26contextData%3D%2528sc.CustomDigest%2529%26transitionType%3DCustomDigestItem&listSource=Search&listPageSource=18fab9d92a2b80a5a4b27cdb8d8c9295&list=CUSTOMDIGEST&rank=51&sessionScopeId=968eef21bde5c9fec856fdad901d6f8db69bb1b15a57fa92a30c19daadd24fbf&originationContext=Custom%20Digest&transitionType=CustomDigestItem&contextData=%28sc.CustomDigest%29#co_anchor_F101993122377
52,"United States Court of Appeals, Federal Circuit.","July 29, 2011",http://lps3.1.next.westlaw.com.libproxy.snu.ac.kr/Document/Ie7ded8a4bc0311e086cdc006bc7eafe7/View/FullText.html?navigationPath=Search%2Fv1%2Fresults%2Fnavigation%2Fi0ad7401600000163372620011822756b%3FNav%3DCUSTOMDIGEST%26fragmentIdentifier%3DIe7ded8a4bc0311e086cdc006bc7eafe7%26startIndex%3D1%26contextData%3D%2528sc.CustomDigest%2529%26transitionType%3DCustomDigestItem&listSource=Search&listPageSource=18fab9d92a2b80a5a4b27cdb8d8c9295&list=CUSTOMDIGEST&rank=52&sessionScopeId=968eef21bde5c9fec856fdad901d6f8db69bb1b15a57fa92a30c19daadd24fbf&originationContext=Custom%20Digest&transitionType=CustomDigestItem&contextData=%28sc.CustomDigest%29#co_anchor_F32025797503
53,"United States Court of Appeals, Federal Circuit.","September 1, 2010",http://lps3.1.next.westlaw.com.libproxy.snu.ac.kr/Document/Ia5f4a332b5b711df8228ac372eb82649/View/FullText.html?navigationPath=Search%2Fv1%2Fresults%2Fnavigation%2Fi0ad7401600000163372620011822756b%3FNav%3DCUSTOMDIGEST%26fragmentIdentifier%3DIa5f4a332b5b711df8228ac372eb82649%26startIndex%3D1%26contextData%3D%2528sc.CustomDigest%2529%26transitionType%3DCustomDigestItem&listSource=Search&listPageSource=18fab9d92a2b80a5a4b27cdb8d8c9295&list=CUSTOMDIGEST&rank=53&sessionScopeId=968eef21bde5c9fec856fdad901d6f8db69bb1b15a57fa92a30c19daadd24fbf&originationContext=Custom%20Digest&transitionType=CustomDigestItem&contextData=%28sc.CustomDigest%29#co_anchor_F102022898362
54,"United States Court of Appeals, Federal Circuit.","September 25, 2009",http://lps3.1.next.westlaw.com.libproxy.snu.ac.kr/Document/Ic79078c3aa3b11dea82ab9f4ee295c21/View/FullText.html?navigationPath=Search%2Fv1%2Fresults%2Fnavigation%2Fi0ad7401600000163372620011822756b%3FNav%3DCUSTOMDIGEST%26fragmentIdentifier%3DIc79078c3aa3b11dea82ab9f4ee295c21%26startIndex%3D1%26contextData%3D%2528sc.CustomDigest%2529%26transitionType%3DCustomDigestItem&listSource=Search&listPageSource=18fab9d92a2b80a5a4b27cdb8d8c9295&list=CUSTOMDIGEST&rank=54&sessionScopeId=968eef21bde5c9fec856fdad901d6f8db69bb1b15a57fa92a30c19daadd24fbf&originationContext=Custom%20Digest&transitionType=CustomDigestItem&contextData=%28sc.CustomDigest%29#co_anchor_F142019886897
55,"United States Court of Appeals, Federal Circuit.","September 25, 2009",http://lps3.1.next.westlaw.com.libproxy.snu.ac.kr/Document/Ic79078c3aa3b11dea82ab9f4ee295c21/View/FullText.html?navigationPath=Search%2Fv1%2Fresults%2Fnavigation%2Fi0ad7401600000163372620011822756b%3FNav%3DCUSTOMDIGEST%26fragmentIdentifier%3DIc79078c3aa3b11dea82ab9f4ee295c21%26startIndex%3D1%26contextData%3D%2528sc.CustomDigest%2529%26transitionType%3DCustomDigestItem&listSource=Search&listPageSource=18fab9d92a2b80a5a4b27cdb8d8c9295&list=CUSTOMDIGEST&rank=55&sessionScopeId=968eef21bde5c9fec856fdad901d6f8db69bb1b15a57fa92a30c19daadd24fbf&originationContext=Custom%20Digest&transitionType=CustomDigestItem&contextData=%28sc.CustomDigest%29#co_anchor_F152019886897
56,"United States Court of Appeals, Federal Circuit.","September 25, 2009",http://lps3.1.next.westlaw.com.libproxy.snu.ac.kr/Document/Ic79078c3aa3b11dea82ab9f4ee295c21/View/FullText.html?navigationPath=Search%2Fv1%2Fresults%2Fnavigation%2Fi0ad7401600000163372620011822756b%3FNav%3DCUSTOMDIGEST%26fragmentIdentifier%3DIc79078c3aa3b11dea82ab9f4ee295c21%26startIndex%3D1%26contextData%3D%2528sc.CustomDigest%2529%26transitionType%3DCustomDigestItem&listSource=Search&listPageSource=18fab9d92a2b80a5a4b27cdb8d8c9295&list=CUSTOMDIGEST&rank=56&sessionScopeId=968eef21bde5c9fec856fdad901d6f8db69bb1b15a57fa92a30c19daadd24fbf&originationContext=Custom%20Digest&transitionType=CustomDigestItem&contextData=%28sc.CustomDigest%29#co_anchor_F162019886897
57,"United States Court of Appeals, Federal Circuit.","June 27, 2005",http://lps3.1.next.westlaw.com.libproxy.snu.ac.kr/Document/I7c2bf9c5e73511d98ac8f235252e36df/View/FullText.html?navigationPath=Search%2Fv1%2Fresults%2Fnavigation%2Fi0ad7401600000163372620011822756b%3FNav%3DCUSTOMDIGEST%26fragmentIdentifier%3DI7c2bf9c5e73511d98ac8f235252e36df%26startIndex%3D1%26contextData%3D%2528sc.CustomDigest%2529%26transitionType%3DCustomDigestItem&listSource=Search&listPageSource=18fab9d92a2b80a5a4b27cdb8d8c9295&list=CUSTOMDIGEST&rank=57&sessionScopeId=968eef21bde5c9fec856fdad901d6f8db69bb1b15a57fa92a30c19daadd24fbf&originationContext=Custom%20Digest&transitionType=CustomDigestItem&contextData=%28sc.CustomDigest%29#co_anchor_F32006860219
58,"United States Court of Appeals, Federal Circuit.","August 28, 1996",http://lps3.1.next.westlaw.com.libproxy.snu.ac.kr/Document/I3e3fc265934611d9bdd1cfdd544ca3a4/View/FullText.html?navigationPath=Search%2Fv1%2Fresults%2Fnavigation%2Fi0ad7401600000163372620011822756b%3FNav%3DCUSTOMDIGEST%26fragmentIdentifier%3DI3e3fc265934611d9bdd1cfdd544ca3a4%26startIndex%3D1%26contextData%3D%2528sc.CustomDigest%2529%26transitionType%3DCustomDigestItem&listSource=Search&listPageSource=18fab9d92a2b80a5a4b27cdb8d8c9295&list=CUSTOMDIGEST&rank=58&sessionScopeId=968eef21bde5c9fec856fdad901d6f8db69bb1b15a57fa92a30c19daadd24fbf&originationContext=Custom%20Digest&transitionType=CustomDigestItem&contextData=%28sc.CustomDigest%29#co_anchor_F31996200053
59,"United States Court of Appeals, Federal Circuit.","March 30, 1995",http://lps3.1.next.westlaw.com.libproxy.snu.ac.kr/Document/I81439952918111d993e6d35cc61aab4a/View/FullText.html?navigationPath=Search%2Fv1%2Fresults%2Fnavigation%2Fi0ad7401600000163372620011822756b%3FNav%3DCUSTOMDIGEST%26fragmentIdentifier%3DI81439952918111d993e6d35cc61aab4a%26startIndex%3D1%26contextData%3D%2528sc.CustomDigest%2529%26transitionType%3DCustomDigestItem&listSource=Search&listPageSource=18fab9d92a2b80a5a4b27cdb8d8c9295&list=CUSTOMDIGEST&rank=59&sessionScopeId=968eef21bde5c9fec856fdad901d6f8db69bb1b15a57fa92a30c19daadd24fbf&originationContext=Custom%20Digest&transitionType=CustomDigestItem&contextData=%28sc.CustomDigest%29#co_anchor_F51995076737
60,"United States Court of Appeals, Federal Circuit.","March 30, 1995",http://lps3.1.next.westlaw.com.libproxy.snu.ac.kr/Document/I81439952918111d993e6d35cc61aab4a/View/FullText.html?navigationPath=Search%2Fv1%2Fresults%2Fnavigation%2Fi0ad7401600000163372620011822756b%3FNav%3DCUSTOMDIGEST%26fragmentIdentifier%3DI81439952918111d993e6d35cc61aab4a%26startIndex%3D1%26contextData%3D%2528sc.CustomDigest%2529%26transitionType%3DCustomDigestItem&listSource=Search&listPageSource=18fab9d92a2b80a5a4b27cdb8d8c9295&list=CUSTOMDIGEST&rank=60&sessionScopeId=968eef21bde5c9fec856fdad901d6f8db69bb1b15a57fa92a30c19daadd24fbf&originationContext=Custom%20Digest&transitionType=CustomDigestItem&contextData=%28sc.CustomDigest%29#co_anchor_F71995076737
61,"United States Court of Appeals, Federal Circuit.","January 28, 1985",http://lps3.1.next.westlaw.com.libproxy.snu.ac.kr/Document/Id0d11ba494a511d9a707f4371c9c34f0/View/FullText.html?navigationPath=Search%2Fv1%2Fresults%2Fnavigation%2Fi0ad7401600000163372620011822756b%3FNav%3DCUSTOMDIGEST%26fragmentIdentifier%3DId0d11ba494a511d9a707f4371c9c34f0%26startIndex%3D1%26contextData%3D%2528sc.CustomDigest%2529%26transitionType%3DCustomDigestItem&listSource=Search&listPageSource=18fab9d92a2b80a5a4b27cdb8d8c9295&list=CUSTOMDIGEST&rank=61&sessionScopeId=968eef21bde5c9fec856fdad901d6f8db69bb1b15a57fa92a30c19daadd24fbf&originationContext=Custom%20Digest&transitionType=CustomDigestItem&contextData=%28sc.CustomDigest%29#co_anchor_F51985104979
62,"United States Court of Appeals, Federal Circuit.","January 28, 1985",http://lps3.1.next.westlaw.com.libproxy.snu.ac.kr/Document/Id0d11ba494a511d9a707f4371c9c34f0/View/FullText.html?navigationPath=Search%2Fv1%2Fresults%2Fnavigation%2Fi0ad7401600000163372620011822756b%3FNav%3DCUSTOMDIGEST%26fragmentIdentifier%3DId0d11ba494a511d9a707f4371c9c34f0%26startIndex%3D1%26contextData%3D%2528sc.CustomDigest%2529%26transitionType%3DCustomDigestItem&listSource=Search&listPageSource=18fab9d92a2b80a5a4b27cdb8d8c9295&list=CUSTOMDIGEST&rank=62&sessionScopeId=968eef21bde5c9fec856fdad901d6f8db69bb1b15a57fa92a30c19daadd24fbf&originationContext=Custom%20Digest&transitionType=CustomDigestItem&contextData=%28sc.CustomDigest%29#co_anchor_F71985104979
63,"United States Court of Appeals, Federal Circuit.","September 7, 2005",http://lps3.1.next.westlaw.com.libproxy.snu.ac.kr/Document/Id82e1af41f1711daaea49302b5f61a35/View/FullText.html?navigationPath=Search%2Fv1%2Fresults%2Fnavigation%2Fi0ad7401600000163372620011822756b%3FNav%3DCUSTOMDIGEST%26fragmentIdentifier%3DId82e1af41f1711daaea49302b5f61a35%26startIndex%3D1%26contextData%3D%2528sc.CustomDigest%2529%26transitionType%3DCustomDigestItem&listSource=Search&listPageSource=18fab9d92a2b80a5a4b27cdb8d8c9295&list=CUSTOMDIGEST&rank=63&sessionScopeId=968eef21bde5c9fec856fdad901d6f8db69bb1b15a57fa92a30c19daadd24fbf&originationContext=Custom%20Digest&transitionType=CustomDigestItem&contextData=%28sc.CustomDigest%29#co_anchor_F12007245670
64,"United States Court of Appeals, Federal Circuit.","November 8, 2000",http://lps3.1.next.westlaw.com.libproxy.snu.ac.kr/Document/I5d06b608799111d9bf29e2067ad74e5b/View/FullText.html?navigationPath=Search%2Fv1%2Fresults%2Fnavigation%2Fi0ad7401600000163372620011822756b%3FNav%3DCUSTOMDIGEST%26fragmentIdentifier%3DI5d06b608799111d9bf29e2067ad74e5b%26startIndex%3D1%26contextData%3D%2528sc.CustomDigest%2529%26transitionType%3DCustomDigestItem&listSource=Search&listPageSource=18fab9d92a2b80a5a4b27cdb8d8c9295&list=CUSTOMDIGEST&rank=64&sessionScopeId=968eef21bde5c9fec856fdad901d6f8db69bb1b15a57fa92a30c19daadd24fbf&originationContext=Custom%20Digest&transitionType=CustomDigestItem&contextData=%28sc.CustomDigest%29#co_anchor_F42000604479
65,"United States Court of Appeals, Federal Circuit.","October 9, 1992",http://lps3.1.next.westlaw.com.libproxy.snu.ac.kr/Document/Ic9189aeb94d811d993e6d35cc61aab4a/View/FullText.html?navigationPath=Search%2Fv1%2Fresults%2Fnavigation%2Fi0ad7401600000163372620011822756b%3FNav%3DCUSTOMDIGEST%26fragmentIdentifier%3DIc9189aeb94d811d993e6d35cc61aab4a%26startIndex%3D1%26contextData%3D%2528sc.CustomDigest%2529%26transitionType%3DCustomDigestItem&listSource=Search&listPageSource=18fab9d92a2b80a5a4b27cdb8d8c9295&list=CUSTOMDIGEST&rank=65&sessionScopeId=968eef21bde5c9fec856fdad901d6f8db69bb1b15a57fa92a30c19daadd24fbf&originationContext=Custom%20Digest&transitionType=CustomDigestItem&contextData=%28sc.CustomDigest%29#co_anchor_F251992175211
66,"United States Court of Appeals, Federal Circuit.","July 5, 1989",http://lps3.1.next.westlaw.com.libproxy.snu.ac.kr/Document/I53f0c0c2971311d9bc61beebb95be672/View/FullText.html?navigationPath=Search%2Fv1%2Fresults%2Fnavigation%2Fi0ad7401600000163372620011822756b%3FNav%3DCUSTOMDIGEST%26fragmentIdentifier%3DI53f0c0c2971311d9bc61beebb95be672%26startIndex%3D1%26contextData%3D%2528sc.CustomDigest%2529%26transitionType%3DCustomDigestItem&listSource=Search&listPageSource=18fab9d92a2b80a5a4b27cdb8d8c9295&list=CUSTOMDIGEST&rank=66&sessionScopeId=968eef21bde5c9fec856fdad901d6f8db69bb1b15a57fa92a30c19daadd24fbf&originationContext=Custom%20Digest&transitionType=CustomDigestItem&contextData=%28sc.CustomDigest%29#co_anchor_F71989099995
67,"United States Court of Appeals, Federal Circuit.","January 28, 1985",http://lps3.1.next.westlaw.com.libproxy.snu.ac.kr/Document/Id0d11ba494a511d9a707f4371c9c34f0/View/FullText.html?navigationPath=Search%2Fv1%2Fresults%2Fnavigation%2Fi0ad7401600000163372620011822756b%3FNav%3DCUSTOMDIGEST%26fragmentIdentifier%3DId0d11ba494a511d9a707f4371c9c34f0%26startIndex%3D1%26contextData%3D%2528sc.CustomDigest%2529%26transitionType%3DCustomDigestItem&listSource=Search&listPageSource=18fab9d92a2b80a5a4b27cdb8d8c9295&list=CUSTOMDIGEST&rank=67&sessionScopeId=968eef21bde5c9fec856fdad901d6f8db69bb1b15a57fa92a30c19daadd24fbf&originationContext=Custom%20Digest&transitionType=CustomDigestItem&contextData=%28sc.CustomDigest%29#co_anchor_F11985104979
68,"United States Court of Appeals, Federal Circuit.","December 30, 1983",http://lps3.1.next.westlaw.com.libproxy.snu.ac.kr/Document/Ic8d978d6944511d993e6d35cc61aab4a/View/FullText.html?navigationPath=Search%2Fv1%2Fresults%2Fnavigation%2Fi0ad7401600000163372620011822756b%3FNav%3DCUSTOMDIGEST%26fragmentIdentifier%3DIc8d978d6944511d993e6d35cc61aab4a%26startIndex%3D1%26contextData%3D%2528sc.CustomDigest%2529%26transitionType%3DCustomDigestItem&listSource=Search&listPageSource=18fab9d92a2b80a5a4b27cdb8d8c9295&list=CUSTOMDIGEST&rank=68&sessionScopeId=968eef21bde5c9fec856fdad901d6f8db69bb1b15a57fa92a30c19daadd24fbf&originationContext=Custom%20Digest&transitionType=CustomDigestItem&contextData=%28sc.CustomDigest%29#co_anchor_F21984100276
