4733971,0,19970103,"['mayer', 'lourie', 'archer']",[]
4656605,0,19970103,"['schall', 'mayer', 'rich']",[]
4727513,0,19970103,"['schall', 'mayer', 'rich']",[]
RE36098,0,20040524,"['lourie', 'plager', 'prost']",[]
5186347,0,20050106,"['schall', 'michel']",[]
5589984,0,20050119,"['clevenger', 'dyk', 'rader']",[]
4817089,0,19970730,"['plager', 'rader', 'archer']",[]
4921705,0,19970730,"['plager', 'rader', 'archer']",[]
5119375,0,19970730,"['plager', 'rader', 'archer']",[]
D342528,0,19970904,"['newman', 'clevenger', 'smith']",[]
5376006,0,19971010,"['bryson', 'clevenger', 'plager']",[]
5191290,0,19970917,"['bryson', 'schall', 'archer']",[]
5633015,0,20050613,"['schall', 'plager', 'archer']",[]
4018994,0,19980203,"['newman', 'gajarsa', 'rader']",[]
4889675,0,19980514,"['lourie', 'plager', 'michel']",[]
5209737,0,19980630,"['schall', 'mayer', 'plager']",[]
5308336,0,19980630,"['schall', 'mayer', 'plager']",[]
5385553,0,19980630,"['schall', 'mayer', 'plager']",[]
6157850,0,20050907,"['lourie', 'prost', 'michel']",[]
6263222,0,20050907,"['lourie', 'prost', 'michel']",[]
4763440,0,19980710,"['newman', 'clevenger', 'michel']",[]
6520862,0,20051104,"['schall', 'mayer', 'linn']",[]
5307656,0,19980910,"['gajarsa', 'plager', 'michel']",[]
4944308,0,19980930,"['newman', 'mayer', 'bryson']",[]
5011743,0,19981006,"['newman', 'clevenger', 'rich']",[]
5111577,0,19981006,"['newman', 'clevenger', 'rich']",[]
5335227,0,19981124,"['lourie', 'michel', 'rich']",[]
5186938,0,19981125,"['clevenger', 'mayer', 'plager']",[]
4976532,0,19990330,"['mayer', 'rader', 'rich']",[]
5144345,0,19990330,"['mayer', 'rader', 'rich']",[]
5260726,0,19990330,"['mayer', 'rader', 'rich']",[]
5521911,0,19990330,"['mayer', 'rader', 'rich']",[]
4774941,0,19990714,"['clevenger', 'lourie', 'gajarsa']",[]
4448419,0,19990720,['schall'],[]
5575405,0,19990806,['bryson'],[]
5465152,0,19990903,"['bryson', 'gajarsa', 'clevenger']",[]
4107257,0,19990930,"['mayer', 'lourie', 'michel']",[]
4047692,0,19990930,"['mayer', 'lourie', 'michel']",[]
4647496,0,19991101,"['bryson', 'gajarsa']",[]
4935047,0,20000127,"['gajarsa', 'michel', 'rader']",[]
5502941,0,20000229,"['mayer', 'lourie', 'archer']",[]
5288393,0,20000329,"['mayer', 'lourie', 'rader']",[]
6589541,0,20061212,"['bryson', 'gajarsa', 'clevenger']",[]
4509939,0,19940405,"['newman', 'lourie', 'schall']",[]
4916163,0,20000911,"['newman', 'skelton', 'archer']",[]
5169227,0,20000928,"['bryson', 'mayer', 'rader']",[]
4283408,0,20001103,"['newman', 'gajarsa', 'rader']",[]
5484402,0,20001212,"['newman', 'mayer', 'schall']",[]
4314081,0,20010530,"['friedman', 'gajarsa', 'mayer']",[]
4696290,0,20010608,"['linn', 'michel', 'rader']",[]
4854311,0,20010608,"['linn', 'michel', 'rader']",[]
4972649,0,20010821,"['newman', 'gajarsa', 'michel']",[]
4537375,0,20011113,"['newman', 'michel', 'schall']",[]
4973511,0,20020513,"['clevenger', 'lourie', 'gajarsa']",[]
6039119,0,20020514,"['schall', 'mayer', 'lourie']",[]
5575405,0,20020607,"['lourie', 'linn']",['mayer']
4581953,0,20020621,"['gajarsa', 'linn', 'rader']",[]
5169716,0,20020830,"['gajarsa', 'linn']",['mayer']
5163368,0,20020917,"['bryson', 'clevenger', 'rader']",[]
5174205,0,20020917,"['bryson', 'clevenger', 'rader']",[]
6006291,0,20030214,"['clevenger', 'mayer', 'michel']",[]
5476778,0,20030221,"['clevenger', 'mayer', 'rader']",[]
4505373,0,20030401,"['bryson', 'schall', 'rader']",[]
4519494,0,20030401,"['bryson', 'schall', 'rader']",[]
4569444,0,20030401,"['bryson', 'schall', 'rader']",[]
4135202,0,20030721,"['schall', 'dyk', 'gajarsa']",[]
6017855,0,20030806,"['dyk', 'prost', 'mayer']",[]
3882638,0,19940912,"['mayer', 'lourie', 'rader']",[]
3972123,0,19940912,"['mayer', 'lourie', 'rader']",[]
4412402,0,19940912,"['mayer', 'lourie', 'rader']",[]
4621077,0,20031030,"['newman', 'mayer', 'prost']",[]
4785822,0,20031204,"['mayer', 'michel', 'rader']",[]
5673989,0,20040120,"['schall', 'prost', 'archer']",[]
5926792,0,20040301,"['bryson', 'prost', 'rader']",[]
4380893,0,20040602,"['newman', 'bryson', 'lourie', 'rader', 'schall', 'linn', 'clevenger', 'dyk', 'gajarsa', 'prost', 'michel', 'mayer', 'en banc']",[]
4428194,0,20040602,"['newman', 'bryson', 'lourie', 'rader', 'schall', 'linn', 'clevenger', 'dyk', 'gajarsa', 'prost', 'michel', 'mayer', 'en banc']",[]
4940658,0,20040608,"['schall', 'friedman', 'rader']",[]
5969119,0,20100325,"['lourie', 'gajarsa', 'moore']",[]
4562181,0,20040727,"['schall', 'dyk', 'gajarsa']",[]
4820833,0,20040727,"['schall', 'dyk', 'gajarsa']",[]
4407288,0,20040831,"['newman', 'friedman', 'rader']",[]
5763047,0,20040914,"['lourie', 'michel', 'rader']",[]
5804112,0,20040914,"['lourie', 'michel', 'rader']",[]
4588580,0,20041210,"['newman', 'dyk', 'archer']",[]
3921120,0,20050228,"['schall', 'michel']",[]
4029233,0,20050228,"['schall', 'michel']",[]
5845265,0,20050316,"['bryson', 'clevenger']",[]
4636214,0,20050328,"['dyk', 'prost', 'rader']",[]
5222985,0,20050328,"['dyk', 'prost', 'rader']",[]
5799151,0,20050422,"['newman', 'dyk', 'bryson']",[]
5697882,0,20050510,"['bryson', 'mayer', 'lourie']",[]
5711752,0,20050516,"['dyk', 'lourie', 'plager']",[]
5505233,0,20020624,"['bryson', 'friedman', 'clevenger']",[]
5951927,0,20050808,"['newman', 'dyk', 'schall']",[]
6076094,0,20050819,"['dyk', 'mayer', 'rader']",[]
5110046,0,20050919,"['clevenger', 'dyk', 'rader']",[]
4981797,0,20051005,"['dyk', 'prost', 'rader']",[]
5464709,0,20060125,"['newman', 'schall', 'archer']",[]
5658590,0,20110729,"['newman', 'lourie']",[]
6266892,0,20110902,"['bryson', 'mayer']",[]
6298577,0,20110902,"['bryson', 'mayer']",[]
4550540,0,19950104,"['newman', 'plager']",['mayer']
6306382,0,20060321,"['newman', 'mayer', 'gajarsa']",[]
5900514,0,20060323,"['dyk', 'lourie', 'rader']",[]
6781231,0,20110603,"['mayer', 'lourie', 'gajarsa']",[]
7242089,0,20110603,"['mayer', 'lourie', 'gajarsa']",[]
3684560,0,19950123,"['newman', 'mayer', 'clevenger']",[]
5382714,0,20060925,"['newman', 'mayer', 'bryson']",[]
RE36355,0,20060920,"['dyk', 'archer']",['schall']
5367726,0,20061002,"['schall', 'dyk', 'rader']",[]
5229382,0,20061226,"['schall', 'gajarsa', 'rader']",[]
5449865,0,20120529,"['lourie', 'rader', 'reyna']",[]
6381354,0,20120525,"['lourie', 'rader', 'reyna']",[]
6502579,0,20070627,"['lourie', 'prost', 'moore']",[]
4687777,0,20070628,"['bryson', 'dyk', 'lourie']",[]
RE34712,0,20070905,"['schall', 'friedman', 'lourie']",[]
5688819,0,20130128,"['rader', 'wallach']",[]
5799273,0,20071012,"['newman', 'gajarsa', 'rader']",[]
6044471,0,20071116,"['lourie', 'linn']",[]
6785825,0,20071116,"['lourie', 'linn']",[]
5466823,0,20080307,"['dyk', 'michel']",[]
5563165,0,20080307,"['dyk', 'michel']",[]
4521431,0,19950421,"['rich', 'archer']",['mayer']
5471593,0,20080401,"['newman', 'dyk', 'gajarsa']",[]
7287109,0,20130628,"[""o'malley"", 'rader']",['wallach']
6083213,0,20080818,"['bryson', 'mayer', 'gajarsa']",[]
5955955,0,20130906,"['clevenger', 'moore', 'rader']",[]
5772874,0,20081007,"['prost', 'linn']",['mayer']
5657317,0,20080924,"['linn', 'prost', 'friedman']",[]
6389010,0,20080924,"['linn', 'prost', 'friedman']",[]
5527814,0,20081003,"['schall', 'rader']",[]
5113780,0,20130919,"['schall', 'prost', 'lourie']",[]
4847265,0,20081212,"['lourie', 'newman', 'bryson']",[]
5743942,0,20090130,"['friedman', 'bryson', 'rader']",[]
6197819,0,20140206,"['moore', 'prost', 'rader']",[]
4739762,0,20090331,"['mayer', 'dyk']",[]
5895406,0,20090331,"['mayer', 'dyk']",[]
5922021,0,20090331,"['mayer', 'dyk']",[]
5583122,0,20090513,"['mayer', 'dyk']",[]
6679573,0,20090720,"['linn', 'michel', 'schall']",[]
4763356,0,20090911,"['lourie', 'newman', 'michel']",[]
6355623,0,20090916,"['lourie', 'michel']",[]
6680302,0,20090916,"['lourie', 'michel']",[]
5247434,0,20090910,"['gajarsa', 'dyk', 'newman']",[]
4886812,0,20100125,"['linn', 'prost']",['dyk']
7395090,0,20141216,"['schall', 'lourie', 'dyk']",[]
6766304,0,20100225,"['lourie', 'rader']",[]
6772132,0,20100225,"['lourie', 'rader']",[]
6993858,0,20100224,"['prost', 'lourie', 'rader']",[]
5125904,0,20100324,"['gajarsa', 'rader', 'moore', 'lourie', 'newman']",[]
7000125,0,20100330,"['gajarsa', 'michel']",[]
4880076,0,20100401,"['schall', 'lourie', 'rader']",[]
5002151,0,20100401,"['schall', 'lourie', 'rader']",[]
6937187,0,20100412,"['dyk', 'michel', 'clevenger']",[]
6115074,0,20100526,"['mayer', 'dyk']",['clevenger']
6467914,0,20100525,"['prost', 'moore']",['mayer']
6316023,0,20150521,"['lourie', 'taranto', 'hughes']",[]
6335031,0,20150521,"['lourie', 'taranto', 'hughes']",[]
4835763,0,20100706,['lourie'],['prost']
7757946,0,20150610,"['chen', 'taranto', 'wallach']",[]
6906086,0,20100901,"['linn', 'prost', 'rader']",[]
5616599,0,20100909,"['linn', 'lourie', 'friedman']",[]
6936071,0,20100909,"['moore', 'dyk', 'friedman']",[]
6433419,0,20101221,"['linn', 'lourie', 'friedman']",[]
7141906,0,20160406,"['moore', 'prost', 'clevenger']",[]
5915105,0,20110513,"['linn', 'gajarsa', 'lourie', 'newman', 'bryson']",[]
6034918,0,20110513,"['linn', 'gajarsa', 'lourie', 'newman', 'bryson']",[]
6324120,0,20110513,"['linn', 'gajarsa', 'lourie', 'newman', 'bryson']",[]
6378020,0,20110513,"['linn', 'gajarsa', 'lourie', 'newman', 'bryson']",[]
6426916,0,20110513,"['linn', 'gajarsa', 'lourie', 'newman', 'bryson']",[]
6452863,0,20110513,"['linn', 'gajarsa', 'lourie', 'newman', 'bryson']",[]
5663106,0,20110523,"['linn', 'lourie', 'dyk']",[]
5544417,0,20160518,"['chen', 'lourie', 'moore']",[]
5852277,0,20110613,"['newman', 'clevenger', 'bryson']",[]
7109373,0,20110624,"['linn', 'clevenger', 'rader']",[]
5693473,0,20110729,"['moore', 'lourie']",['bryson']
5747282,0,20110729,"['moore', 'lourie']",['bryson']
5837492,0,20110729,"['moore', 'lourie']",['bryson']
RE40812,0,20110825,"['moore', ""o'malley"", 'rader']",[]
6202649,0,20110826,"['linn', 'rader']",['dyk']
6425401,0,20110826,"['linn', 'rader']",['dyk']
5330526,0,20160728,"['lourie', 'dyk', 'hughes']",[]
5607454,0,20160728,"['lourie', 'dyk', 'hughes']",[]
5749905,0,20160728,"['lourie', 'dyk', 'hughes']",[]
6047212,0,20160728,"['lourie', 'dyk', 'hughes']",[]
6420139,0,20110831,"['newman', 'rader']",['moore']
6638739,0,20110831,"['newman', 'rader']",['moore']
6319913,0,20161014,"['moore', 'taranto', 'hughes']",[]
6579865,0,20161014,"['moore', 'taranto', 'hughes']",[]
6879830,0,20120130,"['linn', ""o'malley"", 'bryson']",[]
5084994,0,19951010,"['nies', 'lourie', 'clevenger']",[]
5006528,0,20120507,"['moore', 'lourie', 'reyna']",[]
8041805,0,20170213,"['prost', 'lourie', 'newman']",[]
6182649,0,20170301,"['dyk', 'stoll', 'clevenger']",[]
6546924,0,20170301,"['dyk', 'stoll', 'clevenger']",[]
5970479,0,20120709,"['linn', ""o'malley""]",['prost']
7149720,0,20120709,"['linn', ""o'malley""]",['prost']
7725375,0,20120709,"['linn', ""o'malley""]",['prost']
5693473,0,20120816,"['moore', 'lourie']",['bryson']
5747282,0,20120816,"['moore', 'lourie']",['bryson']
5837492,0,20120816,"['moore', 'lourie']",['bryson']
5344932,0,20120824,"['lourie', 'dyk', 'wallach']",[]
6433277,0,20120822,"['linn', 'newman', 'plager']",[]
5740670,0,20120828,"['linn', 'dyk', 'reyna']",[]
6035633,0,20120828,"['linn', 'dyk', 'reyna']",[]
5550578,0,20120824,"['moore', 'dyk', 'bryson']",[]
6034678,0,20120824,"['moore', 'dyk', 'bryson']",[]
6100883,0,20120824,"['moore', 'dyk', 'bryson']",[]
7399772,0,20120904,"['moore', 'newman', 'rader']",[]
6060499,0,20120928,"['newman', 'wallach']",['clevenger']
6586458,0,20120928,"['newman', 'wallach']",['clevenger']
6979117,0,20120906,"['prost', 'lourie', 'newman']",[]
7281842,0,20120906,"['prost', 'lourie', 'newman']",[]
4879749,0,20121012,"['linn', 'plager', 'rader']",[]
6047781,0,20121115,"['moore', 'prost', 'wallach']",[]
6068069,0,20121115,"['moore', 'prost', 'wallach']",[]
6085851,0,20121115,"['moore', 'prost', 'wallach']",[]
4356170,0,19931006,"['skelton', 'lourie']",['rader']
7853243,0,20170714,"['chen', 'stoll', 'newman']",[]
6052980,0,20121204,"['newman', 'plager', 'rader']",[]
3607625,0,19830418,"['miller', 'rich', 'smith', 'bennett', 'friedman']",[]
6249876,0,20130326,"[""o'malley"", 'lourie', 'reyna']",[]
3182511,0,19830721,"['markey', 'friedman', 'nies']",[]
6000608,0,20130520,"['dyk', 'moore']",['mayer']
5337753,0,20130426,"['schall', 'newman', 'wallach']",[]
3758051,0,19830920,"['markey', 'baldwin']",['davis']
7030149,0,20171222,"['mayer', 'hughes', 'moore']",[]
7320976,0,20171222,"['mayer', 'hughes', 'moore']",[]
8748425,0,20171222,"['mayer', 'hughes', 'moore']",[]
8807861,0,20171122,"['chen', 'hughes', 'plager']",[]
3459199,0,19831123,"['smith', 'markey', 'cowen']",[]
5800808,0,20130726,"['moore', 'rader']",[]
6048898,0,20130726,"['moore', 'rader']",[]
6054430,0,20130726,"['moore', 'rader']",[]
6342476,0,20130726,"['moore', 'rader']",[]
6362161,0,20130726,"['moore', 'rader']",[]
6620847,0,20130726,"['moore', 'rader']",[]
6939539,0,20130726,"['moore', 'rader']",[]
7199098,0,20130726,"['moore', 'rader']",[]
3178820,0,19840104,"['skelton', 'markey', 'nies']",[]
5985347,0,20130806,"['davis', 'reyna', 'rader']",[]
3760424,0,19840124,"['kashiwa', 'nies']",[]
7030149,0,20130501,"['prost', ""o'malley"", 'dyk']",[]
6753013,0,20130812,"[""o'malley"", 'reyna', 'rader']",[]
3837292,0,19840125,"['nichols', 'markey', 'friedman']",[]
D226990,0,19840214,"['nichols', 'kashiwa', 'bennett']",[]
5275616,0,20130911,"['lourie', 'plager', 'wallach']",[]
5716375,0,20130911,"['lourie', 'plager', 'wallach']",[]
3345458,0,19840320,"['markey', 'kashiwa', 'nies']",[]
3945315,0,19840321,"['markey', 'cowen', 'bennett']",[]
3523889,0,19840327,"['markey', 'davis', 'friedman']",[]
3282600,0,19840329,"['miller', 'friedman']",[]
4183057,0,19840427,"['smith', 'miller']",[]
3748015,0,19840406,"['kashiwa', 'bennett', 'davis', 'baldwin', 'markey']",[]
RE28100,0,19840412,"['smith', 'davis', 'rich']",[]
6610545,0,20131230,"['taranto', 'clevenger', 'newman']",[]
3319515,0,19840712,"['nichols', 'friedman', 'baldwin']",[]
6411941,0,20140303,"['chen', 'taranto', 'rader']",[]
3494297,0,19841109,"['smith', 'davis', 'nies']",[]
6618707,0,20140407,"['wallach', 'reyna', 'rader']",[]
5721244,0,20140421,"['linn', 'newman', 'wallach']",[]
6946149,0,20140422,['prost'],"['moore', 'dyk']"
3447978,0,19841227,"['miller', 'markey', 'baldwin']",[]
6925357,0,20140509,"[""o'malley"", 'lourie', 'rader']",[]
7593030,0,20140509,"[""o'malley"", 'lourie', 'rader']",[]
3181461,0,19850221,"['nichols', 'markey', 'davis']",[]
7640320,0,20140620,"['schall', 'moore', 'reyna']",[]
2945666,0,19850312,"['bissell', 'nies', 'newman']",[]
7947739,0,20140822,"['lourie', 'dyk', 'reyna']",[]
8022106,0,20140822,"['lourie', 'dyk', 'reyna']",[]
8273795,0,20140822,"['lourie', 'dyk', 'reyna']",[]
3941926,0,19850718,"['smith', 'newman']",[]
4009335,0,19850718,"['smith', 'newman']",[]
3637153,0,19850626,"['skelton', 'markey', 'davis']",[]
6502135,0,20140916,['chen'],[]
7418504,0,20140916,['chen'],[]
7490151,0,20140916,['chen'],[]
7921211,0,20140916,['chen'],[]
6158011,0,20141014,"['linn', ""o'malley"", 'lourie']",[]
3537146,0,19851002,"['markey', 'cowen', 'newman']",[]
3409579,0,19851025,"['markey', 'kashiwa', 'davis']",[]
3485797,0,19851025,"['markey', 'kashiwa', 'davis']",[]
3676392,0,19851025,"['markey', 'kashiwa', 'davis']",[]
4261339,0,19851101,"['markey', 'davis']",[]
PP16229,0,20150109,"['prost', 'hughes', 'bryson']",[]
PP16284,0,20150109,"['prost', 'hughes', 'bryson']",[]
5860973,0,20150302,"['lourie', 'dyk', 'reyna']",[]
6945933,0,20150302,"['lourie', 'dyk', 'reyna']",[]
7470236,0,20150302,"['lourie', 'dyk', 'reyna']",[]
5879958,0,20150310,"['chen', 'taranto', 'wallach']",[]
6427078,0,20150317,"['chen', 'taranto', 'bryson']",[]
6992218,0,20150323,"['linn', 'wallach', 'reyna']",[]
4195732,0,19860106,"['markey', 'kashiwa', 'rich']",[]
5337753,0,20150427,"['schall', 'newman', 'wallach']",[]
6239113,0,20150409,"['linn', 'prost', 'newman']",[]
6569443,0,20150409,"['linn', 'prost', 'newman']",[]
6861411,0,20150409,"['linn', 'prost', 'newman']",[]
7056893,0,20150409,"['linn', 'prost', 'newman']",[]
3870141,0,19860303,"['nichols', 'bissell', 'baldwin']",[]
4051949,0,19860303,"['nichols', 'bissell', 'baldwin']",[]
4159763,0,19860303,"['nichols', 'bissell', 'baldwin']",[]
7864163,0,20150518,"['prost', ""o'malley"", 'chen']",[]
3245789,0,19860425,"['smith', 'markey', 'newman']",[]
3362821,0,19860425,"['smith', 'markey', 'newman']",[]
3578540,0,19860425,"['smith', 'markey', 'newman']",[]
3594165,0,19860425,"['smith', 'markey', 'newman']",[]
3689262,0,19860425,"['smith', 'markey', 'newman']",[]
3753392,0,19860425,"['smith', 'markey', 'newman']",[]
3810211,0,19860425,"['smith', 'markey', 'newman']",[]
3902501,0,19860430,"['bissell', 'archer']",[]
4976008,0,19960304,"['plager', 'nies', 'rich']",[]
3655201,0,19860516,"['bissell', 'baldwin', 'nies']",[]
4207060,0,19860612,"['cowen', 'newman', 'baldwin']",[]
3561934,0,19860611,"['nichols', 'markey', 'newman']",[]
3746518,0,19860611,"['nichols', 'markey', 'newman']",[]
7851504,0,20150804,"['linn', 'lourie', 'hughes']",[]
8278353,0,20150804,"['linn', 'lourie', 'hughes']",[]
8299118,0,20150804,"['linn', 'lourie', 'hughes']",[]
8309605,0,20150804,"['linn', 'lourie', 'hughes']",[]
8338479,0,20150804,"['linn', 'lourie', 'hughes']",[]
8182501,0,20150807,"['chen', 'lourie', 'bryson']",[]
3902501,0,19860815,"['cowen', 'newman', 'davis']",[]
D258100,0,19860910,"['newman', 'davis', 'friedman']",[]
D258101,0,19860910,"['newman', 'davis', 'friedman']",[]
4376110,0,19860919,"['smith', 'davis', 'rich']",[]
7765482,0,20150921,"['prost', 'hughes', 'reyna']",[]
7105486,0,20150924,"['mayer', 'moore', 'linn']",[]
7655630,0,20150924,"['mayer', 'moore', 'linn']",[]
7659253,0,20150924,"['mayer', 'moore', 'linn']",[]
7662787,0,20150924,"['mayer', 'moore', 'linn']",[]
3365800,0,19861022,"['cowen', 'bissell', 'archer']",[]
RE39071,0,20151112,"['hughes', 'wallach', 'bryson']",[]
1693633,0,19861205,"['markey', 'newman']",[]
3269768,0,19861205,"['markey', 'newman']",[]
4302920,0,19861216,"['davis', 'archer', 'rich']",[]
6201839,0,20150804,"['chen', 'taranto', 'wallach']",[]
6438180,0,20150804,"['chen', 'taranto', 'wallach']",[]
3767756,0,19861222,"['markey', 'davis', 'nies']",[]
3960006,0,19861230,"['friedman', 'nies', 'rich']",[]
3537146,0,19870123,"['markey', 'cowen', 'newman']",[]
3660869,0,19870123,"['markey', 'cowen', 'newman']",[]
3965538,0,19870123,"['markey', 'cowen', 'newman']",[]
6767956,0,20160129,"['chen', 'lourie', 'reyna']",[]
6526808,0,20151231,"['lourie', 'hughes', 'wallach']",[]
6007575,0,20160205,"['moore', ""o'malley"", 'wallach']",[]
6240376,0,20160210,"['dyk', 'wallach']",['newman']
5495291,0,20160301,"['mayer', 'stoll', 'chen']",[]
8313353,0,20160222,"['moore', ""o'malley"", 'wallach']",[]
8323060,0,20160222,"['moore', ""o'malley"", 'wallach']",[]
8323060,0,20160222,"['moore', ""o'malley"", 'wallach']",[]
3397928,0,19870413,"['cowen', 'nies', 'rich']","['friedman', 'bennett']"
3642894,0,19870408,"['markey', 'rich']",['davis']
6948021,0,20160315,"['moore', 'taranto', 'hughes']",[]
3486495,0,19870423,"['davis', 'friedman', 'bennett']",[]
3788034,0,19870512,"['smith', 'davis', 'friedman']",[]
7566537,0,20160509,"[""o'malley"", 'hughes', 'wallach']",[]
6151604,0,20160512,"['moore', 'taranto', 'hughes']",[]
6163775,0,20160512,"['moore', 'taranto', 'hughes']",[]
3927580,0,19870825,"['nies', 'bissell', 'archer']",[]
5987606,0,20160627,"['chen', ""o'malley"", 'newman']",[]
7314044,0,20160719,"['chen', ""o'malley"", 'moore']",[]
7832196,0,20160719,"['chen', ""o'malley"", 'moore']",[]
7917843,0,20160810,"['linn', ""o'malley"", 'moore']",[]
4278080,0,19871113,"['cowen', 'davis', 'friedman']",[]
3241876,0,19880113,"['newman', 'davis', 'archer']",[]
6022329,0,20160912,"['prost', 'hughes', 'newman']",[]
6179807,0,20160912,"['prost', 'hughes', 'newman']",[]
7144383,0,20160912,"['prost', 'hughes', 'newman']",[]
5718012,0,20160916,"['chen', 'prost', 'reyna']",[]
8046721,0,20161007,"['dyk', 'prost', ""o'malley"", 'chen', 'hughes', 'wallach', 'moore', 'lourie', 'stoll', 'reyna', 'newman', 'en banc']",[]
8074172,0,20161007,"['dyk', 'prost', ""o'malley"", 'chen', 'hughes', 'wallach', 'moore', 'lourie', 'stoll', 'reyna', 'newman', 'en banc']",[]
5759830,0,20161013,"['chen', ""o'malley"", 'stoll']",[]
5770193,0,20161013,"['chen', ""o'malley"", 'stoll']",[]
3849194,0,19880217,"['mayer', 'skelton', 'friedman']",[]
5609616,0,20161117,"['chen', 'hughes']",['newman']
8245764,0,20161206,"['newman', 'taranto']",['prost']
6249876,0,20161212,"['chen', 'prost', 'schall']",[]
7328845,0,20170105,"['lourie', ""o'malley"", 'taranto']",[]
RE29487,0,19880427,"['davis', 'nichols', 'markey']",[]
7772209,0,20170112,"['dyk', 'prost', 'newman']",[]
8399445,0,20170126,"['taranto', 'reyna', 'moore']",[]
4410892,0,19880525,"['newman', 'archer', 'friedman']",[]
8186457,0,20170216,"['hughes', 'moore', 'stoll']",[]
4505449,0,19880627,"['newman', 'archer']",[]
6474159,0,20170308,"['wallach', 'moore', 'stoll']",[]
4128357,0,19880621,"['newman', 'archer', 'friedman']",[]
6132109,0,20170316,"['chen', 'lourie', 'moore']",[]
8240362,0,20170403,"['newman', 'prost', 'taranto']",[]
8245764,0,20170403,"['newman', 'prost', 'taranto']",[]
D284420,0,19880729,"['smith', 'mayer', 'nies']",[]
D287301,0,19880729,"['smith', 'mayer', 'nies']",[]
8023580,0,20170417,"['chen', 'taranto', 'stoll']",[]
8457228,0,20170417,"['chen', 'taranto', 'stoll']",[]
7432589,0,20170428,"['hughes', 'reyna', 'stoll']",[]
7462870,0,20170428,"['hughes', 'reyna', 'stoll']",[]
8530250,0,20170428,"['hughes', 'reyna', 'stoll']",[]
4337805,0,19880921,"['mayer', 'rich']",['nies']
4365970,0,19881012,"['nies', 'rich', 'nichols']",[]
6713446,0,20170717,"['newman', 'mayer', ""o'malley""]",[]
4376851,0,19890110,"['nies', 'michel', 'markey']",[]
3907332,0,19890216,"['smith', 'newman', 'skelton']",[]
3884550,0,19890222,"['nies', 'rich', 'bissell']",[]
3933454,0,19890222,"['nies', 'rich', 'bissell']",[]
3884550,0,19890222,"['nies', 'rich', 'bissell']",[]
RE32849,0,19960703,"['newman', 'rader']",['bryson']
5843120,0,20040114,"['gajarsa', 'bryson', 'clevenger']",[]
7810144,0,20170913,"['dyk', 'taranto']",['newman']
4081701,0,19890328,"['mayer', 'bissell', 'friedman']",[]
4533843,0,19890328,"['mayer', 'bissell', 'friedman']",[]
3736968,0,19890331,"['newman', 'bennett', 'friedman']",[]
3746065,0,19890331,"['newman', 'bennett', 'friedman']",[]
3852579,0,19890331,"['newman', 'bennett', 'friedman']",[]
6020435,0,20171011,"['newman', 'prost', 'taranto']",[]
6252004,0,20171011,"['newman', 'prost', 'taranto']",[]
6816356,0,20171121,"['dyk', 'taranto', 'moore']",[]
8318800,0,20171109,"['wallach', 'prost', 'taranto']",[]
8410167,0,20171109,"['wallach', 'prost', 'taranto']",[]
6568969,0,20171207,"['moore', 'stoll', 'plager']",[]
6793545,0,20171207,"['moore', 'stoll', 'plager']",[]
8144182,0,20171228,"['newman', 'reyna']",[]
8434020,0,20180125,"[""o'malley"", 'moore']",['wallach']
8713476,0,20180125,"[""o'malley"", 'moore']",['wallach']
8061359,0,20180314,"['newman', 'wallach', 'stoll']",[]
8586610,0,20180413,"['hughes', 'lourie']",['prost']
4029401,0,19891213,"['archer', 'rich', 'miller']",[]
4748005,0,19900504,"['rich', 'markey', 'plager']",[]
4777192,0,19900504,"['rich', 'markey', 'plager']",[]
4155666,0,19900509,"['markey', 'bennett', 'plager']",[]
4195945,0,19900509,"['markey', 'bennett', 'plager']",[]
4447377,0,19900605,"['mayer', 'archer', 'plager']",[]
3760375,0,19900629,['archer'],[]
4384298,0,19900730,"['newman', 'rich', 'cowen']",[]
4529034,0,19901022,"['michel', 'miller', 'markey']",[]
3847333,0,19901023,"['michel', 'clevenger', 'archer']",[]
3541581,0,19901120,"['newman', 'rich', 'clevenger']",[]
3541581,0,19901120,"['newman', 'rich', 'clevenger']",[]
4387297,0,19910614,"['newman', 'nies', 'clevenger']",[]
4593186,0,19910614,"['newman', 'nies', 'clevenger']",[]
4270275,0,19910920,"['nies', 'michel', 'skelton']",[]
4664020,0,19910926,"['newman', 'rader', 'skelton']",[]
4223394,0,19910917,"['mayer', 'archer', 'cowen']",[]
4519050,0,19910917,"['mayer', 'archer', 'cowen']",[]
4685084,0,19910917,"['mayer', 'archer', 'cowen']",[]
4422459,0,19920312,"['newman', 'lourie', 'rader']",[]
3959322,0,19920319,"['nies', 'michel', 'cowen']",[]
4159546,0,19920911,"['newman', 'rader']",[]
4831282,0,19921009,"['newman', 'michel', 'rader']",[]
4905189,0,19921009,"['newman', 'michel', 'rader']",[]
4043027,0,19930310,"['nies', 'clevenger']",[]
4656605,0,19930510,"['lourie', 'archer', 'clevenger']",[]
4727513,0,19930510,"['lourie', 'archer', 'clevenger']",[]
RE29073,0,19930614,"['smith', 'rader', 'plager']",[]
6772215,1,20180420,['reyna'],"['bryson', 'dyk']"
5998925,1,20180104,[],"['hughes', 'chen', 'wallach']"
7531960,1,20180104,[],"['hughes', 'chen', 'wallach']"
5084057,1,19970103,[],"['newman', 'bennett', 'rader']"
5100420,1,19970103,[],"['newman', 'bennett', 'rader']"
4364073,1,19970610,[],"['newman', 'bryson', 'archer']"
D419575,1,20050107,[],"['bryson', 'friedman', 'lourie']"
4552899,1,19970926,[],"['plager', 'michel', 'archer']"
6263215,1,20050203,[],"['lourie', 'prost', 'archer']"
4491377,1,19970908,[],"['schall', 'plager', 'archer']"
5255636,1,19970916,[],"['lourie', 'michel', 'archer']"
5166904,1,19971014,[],"['bryson', 'plager', 'schall']"
D352905,1,19980331,['newman'],"['mayer', 'rich']"
5158554,1,19980630,[],"['gajarsa', 'plager', 'rader']"
5386590,1,19980720,[],"['mayer', 'lourie', 'michel']"
RE34056,1,19980930,[],"['newman', 'mayer', 'bryson']"
4850960,1,20051223,[],"['schall', 'gajarsa', 'michel']"
4693399,1,19981207,[],"['mayer', 'michel', 'rader']"
4936494,1,19981207,[],"['mayer', 'michel', 'rader']"
5260576,1,19990204,[],"['schall', 'gajarsa', 'rader']"
5582053,1,20010810,[],"['bryson', 'schall', 'archer']"
5306285,1,19990709,[],"['clevenger', 'lourie', 'plager']"
4866349,1,20060615,[],"['lourie', 'prost', 'rader']"
5081400,1,20060615,[],"['lourie', 'prost', 'rader']"
6311682,1,20060627,[],"['newman', 'dyk', 'prost']"
6615814,1,20060627,[],"['newman', 'dyk', 'prost']"
5190931,1,19990924,[],"['schall', 'lourie', 'smith']"
5208149,1,19990924,[],"['schall', 'lourie', 'smith']"
4336612,1,19990830,[],"['newman', 'lourie', 'skelton']"
4665533,1,19990830,[],"['newman', 'lourie', 'skelton']"
4111727,1,19990907,[],"['mayer', 'michel', 'rader']"
5148943,1,19990907,[],"['bryson', 'friedman', 'gajarsa']"
6251207,1,20060721,[],"['lourie', 'linn', 'plager']"
5059192,1,19990930,[],"['mayer', 'michel', 'rader']"
5371989,1,19991101,[],"['bryson', 'gajarsa']"
6030790,1,20060920,[],"['mayer', 'linn', 'rader']"
5884403,1,20060713,[],"['newman', 'bryson', 'prost']"
5582331,1,20000110,[],"['mayer', 'rader', 'archer']"
5566947,1,20000413,[],"['schall', 'mayer', 'lourie']"
5241806,1,20000517,[],"['schall', 'mayer', 'gajarsa']"
4565341,1,20000613,[],"['bryson', 'plager', 'michel']"
RE36200,1,20070130,[],"['bryson', 'dyk', 'mayer']"
5401629,1,20000906,[],"['mayer', 'gajarsa', 'michel']"
4818411,1,20000907,[],"['clevenger', 'michel', 'rader']"
RE32615,1,20001017,[],"['bryson', 'linn', 'clevenger']"
6403865,1,20070503,[],"['bryson', 'mayer', 'schall']"
5311951,1,20010105,[],"['lourie', 'michel', 'rader']"
6567796,1,20070625,[],"['clevenger', 'mayer', 'prost']"
6658432,1,20070625,[],"['clevenger', 'mayer', 'prost']"
5579845,1,20070629,[],"['bryson', 'linn', 'schall']"
5297803,1,20010322,[],"['newman', 'plager', 'michel']"
5567600,1,20010312,[],"['bryson', 'linn', 'clevenger']"
5567862,1,20010312,[],"['bryson', 'linn', 'clevenger']"
5641803,1,20010420,[],"['dyk', 'lourie', 'gajarsa']"
5670537,1,20010420,[],"['dyk', 'lourie', 'gajarsa']"
5577100,1,20010425,[],"['newman', 'lourie', 'gajarsa']"
5473624,1,20010418,[],"['schall', 'michel', 'rader']"
5463227,1,20010507,[],"['bryson', 'lourie', 'rader']"
4626549,1,20010530,[],"['friedman', 'gajarsa', 'mayer']"
5509057,1,20010906,[],"['schall', 'dyk', 'michel']"
5852824,1,20010918,[],"['newman', 'mayer', 'clevenger']"
4640933,1,20010928,[],"['bryson', 'dyk', 'michel']"
4663361,1,20010928,[],"['bryson', 'dyk', 'michel']"
4694027,1,20010928,[],"['bryson', 'dyk', 'michel']"
5306285,1,20011009,[],"['clevenger', 'gajarsa', 'plager']"
4826785,1,20010921,[],"['dyk', 'plager', 'rader']"
4935801,1,20010921,[],"['dyk', 'plager', 'rader']"
5443717,1,20011023,[],"['bryson', 'dyk', 'rader']"
5404263,1,20011026,[],"['friedman', 'lourie', 'michel']"
5213889,1,20011221,[],"['newman', 'bryson', 'rader']"
6068609,1,20080828,[],"['schall', 'michel', 'rader']"
5544320,1,20020709,[],"['newman', 'mayer', 'prost']"
5696901,1,20020709,[],"['newman', 'mayer', 'prost']"
5974444,1,20020709,[],"['newman', 'mayer', 'prost']"
4572191,1,20020711,[],"['newman', 'gajarsa', 'prost']"
5899283,1,20020730,[],"['dyk', 'mayer', 'michel']"
5950743,1,20020730,[],"['dyk', 'mayer', 'michel']"
5108220,1,20020801,[],"['gajarsa', 'linn', 'prost']"
5462535,1,20020919,[],"['newman', 'bryson', 'schall']"
5984906,1,20020919,[],"['newman', 'bryson', 'schall']"
5999323,1,20020919,[],"['newman', 'bryson', 'schall']"
5622912,1,20020904,[],"['mayer', 'lourie', 'linn']"
5458004,1,20090109,[],"['schall', 'lourie', 'prost']"
4740046,1,19940803,[],"['schall', 'plager', 'cowen']"
4652321,1,20030228,[],"['lourie', 'plager', 'michel']"
4872296,1,20030228,[],"['lourie', 'plager', 'michel']"
4988621,1,20030606,[],"['newman', 'prost', 'rader']"
4701069,1,20090520,[],"['mayer', 'rader']"
5892690,1,20090601,[],"['mayer', 'gajarsa', 'linn']"
5523423,1,20030723,[],"['newman', 'gajarsa', 'clevenger']"
6014643,1,20030729,[],"['lourie', 'linn', 'gajarsa']"
5248505,1,20030801,[],"['lourie', 'michel', 'archer']"
5612054,1,20030801,[],"['lourie', 'michel', 'archer']"
5679376,1,20030801,[],"['lourie', 'michel', 'archer']"
5716641,1,20030801,[],"['lourie', 'michel', 'archer']"
4659716,1,20030801,[],"['bryson', 'plager', 'rader']"
4837635,1,20030807,[],"['schall', 'dyk', 'mayer']"
5630976,1,20030826,[],"['lourie', 'linn', 'gajarsa']"
6108703,1,20030915,[],"['newman', 'dyk', 'gajarsa']"
RE39221,1,20090826,[],"['mayer', 'prost', 'moore']"
4525352,1,20031121,[],"['bryson', 'mayer', 'rader']"
4529720,1,20031121,[],"['bryson', 'mayer', 'rader']"
4560552,1,20031121,[],"['bryson', 'mayer', 'rader']"
6031093,1,20031121,[],"['bryson', 'mayer', 'rader']"
6048977,1,20031121,[],"['bryson', 'mayer', 'rader']"
6051703,1,20031121,[],"['bryson', 'mayer', 'rader']"
6218380,1,20031121,[],"['bryson', 'mayer', 'rader']"
5056578,1,20031205,[],"['clevenger', 'dyk', 'gajarsa']"
5241671,1,20091204,[],"['friedman', 'lourie', 'prost']"
5139368,1,20040129,[],"['newman', 'michel', 'rader']"
5171107,1,20040129,[],"['newman', 'michel', 'rader']"
RE34614,1,20020605,[],"['dyk', 'lourie', 'plager']"
5336264,1,20040406,[],"['newman', 'friedman', 'schall']"
6397547,1,20100225,[],"['dyk', 'lourie']"
6421970,1,20100225,[],"['dyk', 'lourie']"
4900291,1,20100226,[],"['bryson', 'linn', 'rader']"
5686838,1,20100309,[],"['gajarsa', 'prost', 'archer']"
5952027,1,20040712,[],"['schall', 'gajarsa', 'linn']"
6254887,1,20100603,[],"['dyk', 'lourie', 'linn']"
7074430,1,20100603,[],"['dyk', 'lourie', 'linn']"
4857713,1,20100507,[],"['clevenger', 'mayer', 'gajarsa']"
6436015,1,20041214,[],"['newman', 'dyk', 'archer']"
5994329,1,20050128,[],"['gajarsa', 'prost', 'rader']"
6244781,1,20050311,[],"['schall', 'lourie', 'prost']"
6396273,1,20050316,[],"['bryson', 'friedman', 'rader']"
6085176,1,20050316,[],"['bryson', 'clevenger']"
4721723,1,20050408,[],"['bryson', 'gajarsa', 'rader']"
RE36847,1,20101006,[],"['friedman', 'dyk', 'moore']"
5697536,1,20050510,[],"['bryson', 'mayer', 'lourie']"
5518492,1,20050516,[],"['dyk', 'lourie', 'plager']"
5045172,1,20050609,[],"['schall', 'gajarsa', 'rader']"
5410856,1,20050622,[],"['dyk', 'gajarsa', 'plager']"
5615532,1,20050622,[],"['dyk', 'gajarsa', 'plager']"
6405182,1,20050616,[],"['bryson', 'lourie', 'michel']"
5932624,1,20050617,[],"['schall', 'michel', 'rader']"
6605646,1,20050617,[],"['schall', 'michel', 'rader']"
5761605,1,20050628,[],"['bryson', 'dyk', 'schall']"
6169878,1,20050628,[],"['bryson', 'dyk', 'schall']"
6530929,1,20110126,[],"['bryson', 'lourie', 'prost']"
7008422,1,20110126,[],"['bryson', 'lourie', 'prost']"
5169242,1,20050728,[],"['linn', 'michel', 'plager']"
5567056,1,20050728,[],"['linn', 'michel', 'plager']"
6014137,1,20050805,[],"['bryson', 'clevenger', 'prost']"
4900659,1,20050930,[],"['lourie', 'linn', 'prost']"
5633352,1,20051005,[],"['bryson', 'schall', 'archer']"
7363592,1,20110504,[],"['bryson', 'lourie', 'linn']"
6149055,1,20051121,[],"['schall', 'clevenger', 'rader']"
5409693,1,20051220,[],"['bryson', 'linn', 'rader']"
5717597,1,20110615,['bryson'],"['dyk', 'prost']"
6208980,1,20110615,['bryson'],"['dyk', 'prost']"
6233568,1,20110615,['bryson'],"['dyk', 'prost']"
6982808,1,20110615,['bryson'],"['dyk', 'prost']"
6105575,1,20110708,[],"['bryson', 'dyk', 'mayer']"
6609517,1,20110708,[],"['bryson', 'dyk', 'mayer']"
5622375,1,20110805,[],"['linn', 'rader', 'prost']"
6113944,1,20060224,[],"['newman', 'dyk', 'schall']"
5567085,1,20060420,['linn'],"['lourie', 'michel']"
5820301,1,20060420,['linn'],"['lourie', 'michel']"
4381056,1,19950124,[],"['mayer', 'lourie', 'michel']"
6796098,1,20111017,[],"['clevenger', 'dyk', 'reyna']"
7073304,1,20111017,[],"['clevenger', 'dyk', 'reyna']"
6784873,1,20111215,[],"['linn', 'moore', 'rader']"
6398548,1,20060830,[],"['schall', 'dyk', 'gajarsa']"
6554611,1,20060830,[],"['schall', 'dyk', 'gajarsa']"
6124355,1,20060906,[],"['clevenger', 'gajarsa', 'prost']"
5586992,1,20061003,[],"['schall', 'michel', 'rader']"
4870287,1,20061116,[],"['bryson', 'linn', 'archer']"
5260581,1,20061116,[],"['bryson', 'linn', 'archer']"
5112311,1,20061213,[],"['schall', 'linn', 'rader']"
5670264,1,20061214,[],"['bryson', 'mayer', 'clevenger']"
5990176,1,20061109,[],"['bryson', 'gajarsa', 'archer']"
5482289,1,20061213,[],"['newman', 'mayer', 'rader']"
6014137,1,20061218,[],"['newman', 'friedman', 'dyk']"
5126156,1,20070209,[],"['mayer', 'gajarsa', 'rader']"
6270828,1,20070214,[],"['linn', 'prost']"
6680396,1,20070214,[],"['linn', 'prost']"
4879303,1,20070322,[],"['mayer', 'linn', 'michel']"
6722674,1,20120522,[],"['dyk', 'lourie', 'moore']"
5813861,1,20070509,[],"['dyk', 'lourie', 'mayer']"
6602502,1,20070618,[],"['gajarsa', 'rader', 'archer']"
6573103,1,20121120,[],"['bryson', ""o'malley"", 'wallach']"
5689094,1,20121127,[],"['reyna', 'linn', 'wallach']"
5447432,1,20070824,"[""o'malley""]","['dyk', 'lourie']"
5683243,1,20070824,"[""o'malley""]","['dyk', 'lourie']"
6244861,1,20070824,"[""o'malley""]","['dyk', 'lourie']"
6616444,1,20070824,"[""o'malley""]","['dyk', 'lourie']"
5061722,1,20070911,[],"['mayer', 'linn']"
6032859,1,20121210,[],"['lourie', 'reyna']"
5401741,1,20070912,[],"['dyk', 'michel', 'archer']"
6433264,1,20130124,[],"['newman', 'lourie', ""o'malley""]"
6620319,1,20071107,['newman'],"['lourie', 'linn']"
6708212,1,20080108,['moore'],"['mayer', 'rader']"
6789673,1,20120809,[],"['bryson', ""o'malley"", 'prost']"
6887832,1,20080125,[],"['bryson', 'michel']"
6834603,1,20080221,[],"['dyk', 'prost', 'mayer']"
5760068,1,20080307,[],"['dyk', 'michel']"
5949636,1,20080328,[],"['bryson', 'moore']"
5495301,1,20080416,[],"['newman', 'lourie', 'schall']"
5389618,1,20080514,['rader'],"['prost', 'moore']"
7454361,1,20130426,['schall'],"['prost', 'rader']"
7548866,1,20130426,['schall'],"['prost', 'rader']"
7548869,1,20130426,['schall'],"['prost', 'rader']"
7660728,1,20130426,['schall'],"['prost', 'rader']"
5577618,1,20130514,[],"['dyk', 'reyna', 'mayer']"
6478711,1,20130429,[],"['newman', 'dyk', 'bryson']"
5648674,1,20130619,[],"['newman', 'lourie', 'wallach']"
5978063,1,20130619,[],"['newman', 'lourie', 'wallach']"
6161099,1,20080714,[],"['gajarsa', 'plager', 'prost']"
6755518,1,20080821,[],"['bryson', 'prost', 'archer']"
4498076,1,19950517,[],"['clevenger', 'lourie', 'archer']"
4567473,1,19950517,[],"['clevenger', 'lourie', 'archer']"
4767708,1,20080908,[],"['prost', 'lourie', 'bryson']"
5126270,1,20080908,[],"['prost', 'lourie', 'bryson']"
6017745,1,20080908,[],"['prost', 'lourie', 'bryson']"
6598603,1,20131030,[],"['linn', 'bryson', 'rader']"
6847686,1,20080924,[],"['linn', 'prost', 'friedman']"
5097421,1,20081010,[],"['newman', 'michel', 'bryson']"
5754250,1,20081010,[],"['schall', 'newman', 'plager']"
5822737,1,20081020,[],"['linn', 'moore', 'clevenger']"
5963917,1,20081020,[],"['linn', 'moore', 'clevenger']"
6213703,1,20131022,[],"['newman', 'dyk', 'rader']"
5656667,1,20130912,[],"[""o'malley"", 'dyk', 'wallach']"
6631109,1,20081223,['gajarsa'],"['linn', 'dyk']"
5026109,1,20081224,[],"['moore', 'prost', 'dyk']"
6120536,1,20090115,[],"['prost', 'lourie', 'rader']"
6457969,1,20090209,[],"['linn', 'lourie', 'clevenger']"
6081786,1,20140124,[],"['lourie', 'dyk', 'taranto']"
6188988,1,20140124,[],"['lourie', 'dyk', 'taranto']"
6855029,1,20090213,[],"['friedman', 'bryson', 'rader']"
7145902,1,20140221,[],"['moore', 'dyk', 'wallach']"
6396722,1,20090305,[],"['gajarsa', 'plager', 'rader']"
8019060,1,20140226,[],"['lourie', 'dyk', 'wallach']"
5632307,1,20090325,[],"['dyk', 'bryson']"
RE38924,1,20090424,[],"['michel', 'bryson']"
7181866,1,20140423,[],"['lourie', 'dyk', 'wallach']"
7536871,1,20140630,[],"['prost', 'lourie', 'clevenger']"
6010729,1,20090609,[],"['gajarsa', 'dyk', 'rader']"
6113963,1,20090609,[],"['gajarsa', 'dyk', 'rader']"
6988138,1,20090727,[],"['moore', 'bryson']"
6047205,1,20090804,[],"['linn', 'michel']"
6787531,1,20090805,['newman'],"['mayer', 'friedman']"
6398646,1,20140826,[],"['taranto', 'hughes', 'bryson']"
6656045,1,20140826,[],"['taranto', 'hughes', 'bryson']"
6314420,1,20140815,['chen'],"['mayer', 'wallach']"
6775664,1,20140815,['chen'],"['mayer', 'wallach']"
6521831,1,20140829,[],"['linn', 'prost']"
5744027,1,20090910,[],"['gajarsa', 'dyk', 'newman']"
6284131,1,20090910,[],"['gajarsa', 'dyk', 'newman']"
6100287,1,20091119,[],"['mayer', 'prost', 'lourie']"
6631400,1,20091202,[],"['linn', 'prost', 'dyk']"
5820551,1,20100125,[],"['linn', 'dyk', 'friedman']"
5628890,1,20100125,[],"['linn', 'dyk', 'friedman']"
7192938,1,20141118,[],"['lourie', 'taranto', 'reyna']"
7718634,1,20141118,[],"['lourie', 'taranto', 'reyna']"
5803501,1,20100301,['rader'],"['mayer', 'lourie']"
6142532,1,20100301,['rader'],"['mayer', 'lourie']"
5765305,1,20100311,[],"['linn', 'prost', 'bryson']"
5154448,1,20100322,['newman'],"['dyk', 'bryson']"
5476928,1,20100326,[],"['linn', 'plager', 'michel']"
7616970,1,20150218,[],"['mayer', 'prost', 'lourie']"
6104711,1,20100416,[],"['mayer', 'prost', 'linn']"
7072190,1,20150313,[],"['mayer', 'taranto', 'clevenger']"
7524834,1,20150507,[],"['linn', 'prost', 'bryson']"
5367627,1,20100517,[],"['linn', 'gajarsa', 'plager']"
6295530,1,20100528,[],"['michel', 'rader']"
7663061,1,20150417,[],"['chen', 'lourie', 'reyna']"
7977575,1,20150417,[],"['chen', 'lourie', 'reyna']"
5464826,1,20100728,[],"['prost', 'gajarsa', 'bryson']"
5799273,1,20150522,[],"['prost', ""o'malley""]"
6672115,1,20100722,[],"['linn', 'lourie', 'dyk']"
7165426,1,20100722,[],"['linn', 'lourie', 'dyk']"
7225649,1,20100722,[],"['linn', 'lourie', 'dyk']"
6407128,1,20100802,[],"['prost', 'gajarsa', 'bryson']"
6683102,1,20100802,[],"['prost', 'gajarsa', 'bryson']"
6789581,1,20150611,[],"[""o'malley"", 'dyk', 'wallach']"
6655566,1,20100820,[],"['prost', 'archer']"
7052340,1,20150622,[],"['moore', 'wallach', 'clevenger']"
7297035,1,20150622,[],"['moore', 'wallach', 'clevenger']"
6458811,1,20100901,[],"['linn', 'prost', 'rader']"
6894064,1,20100901,[],"['linn', 'prost', 'rader']"
6061551,1,20150731,[],"['chen', 'lourie', 'bryson']"
6266518,1,20150731,[],"['chen', 'lourie', 'bryson']"
6370371,1,20150731,[],"['chen', 'lourie', 'bryson']"
7496342,1,20150731,[],"['chen', 'lourie', 'bryson']"
6000608,1,20150616,[],"['moore', 'wallach', 'clevenger']"
6189787,1,20150616,[],"['moore', 'wallach', 'clevenger']"
6064970,1,20150824,[],"['prost', 'taranto', 'wallach']"
7124088,1,20150824,[],"['prost', 'taranto', 'wallach']"
7877269,1,20150824,[],"['prost', 'taranto', 'wallach']"
8090598,1,20150824,[],"['prost', 'taranto', 'wallach']"
8140358,1,20150824,[],"['prost', 'taranto', 'wallach']"
6488203,1,20101207,[],"['prost', 'lourie', 'rader']"
6502747,1,20101207,[],"['prost', 'lourie', 'rader']"
6761309,1,20101207,[],"['prost', 'lourie', 'rader']"
6476351,1,20101222,[],"['linn', 'lourie', 'friedman']"
5697775,1,20110131,['newman'],"['lourie', 'bryson']"
5897308,1,20110131,['newman'],"['lourie', 'bryson']"
6093017,1,20110131,['newman'],"['lourie', 'bryson']"
6598603,1,20101101,[],"['linn', 'rader']"
7394392,1,20151228,[],"['moore', 'reyna', 'clevenger']"
7057026,1,20160129,[],"['lourie', 'stoll', 'bryson']"
8158346,1,20160129,[],"['lourie', 'stoll', 'bryson']"
8486630,1,20160129,[],"['prost', 'lourie', 'wallach']"
7003500,1,20160210,[],"['mayer', 'dyk', 'hughes']"
7636695,1,20160210,[],"['mayer', 'dyk', 'hughes']"
7742993,1,20160210,[],"['mayer', 'dyk', 'hughes']"
6818020,1,20160226,['newman'],"['lourie', 'bryson']"
5251236,1,20110418,[],"['linn', 'gajarsa', 'dyk']"
5674681,1,20110429,[],"['linn', 'gajarsa', 'moore']"
6355425,1,20110429,[],"['linn', 'gajarsa', 'moore']"
7094863,1,20110429,[],"['lourie', 'rader']"
7129317,1,20110429,[],"['lourie', 'rader']"
5211954,1,20110622,[],"['gajarsa', 'newman', 'bryson']"
7645459,1,20160318,[],"['lourie', 'dyk', 'hughes']"
7645460,1,20160318,[],"['lourie', 'dyk', 'hughes']"
7584605,1,20160429,['bryson'],"['lourie', 'dyk']"
6849360,1,20160531,[],"['taranto', 'wallach', 'bryson']"
6587759,1,20110627,[],"['gajarsa', 'lourie', 'bryson']"
6482520,1,20160617,[],"['reyna', 'wallach', 'clevenger']"
5709999,1,20110729,['bryson'],"['moore', 'lourie']"
5710001,1,20110729,['bryson'],"['moore', 'lourie']"
5753441,1,20110729,['bryson'],"['moore', 'lourie']"
6033857,1,20110729,['bryson'],"['moore', 'lourie']"
6029154,1,20110816,[],"['prost', 'dyk', 'bryson']"
8744933,1,20160713,[],"['linn', ""o'malley"", 'stoll']"
6921351,1,20160808,[],"['moore', ""o'malley"", 'newman']"
5800460,1,20160728,[],"['lourie', 'dyk', 'hughes']"
5879374,1,20160728,[],"['lourie', 'dyk', 'hughes']"
6385594,1,20160725,[],"['schall', ""o'malley"", 'moore']"
6611816,1,20160725,[],"['schall', ""o'malley"", 'moore']"
6773859,1,20160819,[],"['prost', 'lourie', 'plager']"
6771290,1,20160812,[],"['chen', 'lourie', 'stoll']"
6892812,1,20160815,[],"['lourie', 'hughes', 'wallach']"
6757710,1,20110923,[],"['linn', 'lourie', 'dyk']"
5723283,1,20110831,['moore'],"['newman', 'rader']"
7217392,1,20161202,[],"['prost', 'hughes', 'reyna']"
6728877,1,20161116,[],"['chen', 'prost', 'reyna']"
7346766,1,20161116,[],"['chen', 'prost', 'reyna']"
8504697,1,20161209,"[""o'malley""]","['mayer', 'wallach']"
5507254,1,20161212,[],"['dyk', 'clevenger', 'newman']"
5645017,1,20161212,[],"['dyk', 'clevenger', 'newman']"
5649506,1,20161212,[],"['dyk', 'clevenger', 'newman']"
7729528,1,20161222,['reyna'],"['stoll', 'newman']"
5017903,1,20120127,[],"['prost', ""o'malley"", 'newman']"
6120690,1,20120217,[],"['moore', 'prost', 'schall']"
4804052,1,20120208,[],"['moore', 'reyna', 'bryson']"
6292788,1,20120227,[],"['moore', 'prost', 'schall']"
6324538,1,20120302,['mayer'],"['newman', 'plager']"
6850940,1,20120302,['mayer'],"['newman', 'plager']"
7028034,1,20120302,['mayer'],"['newman', 'plager']"
7269591,1,20120302,['mayer'],"['newman', 'plager']"
5959633,1,20161129,[],"['newman', 'dyk', 'taranto']"
6587841,1,20120120,['plager'],"['linn', 'dyk']"
5875435,1,20120409,[],"[""o'malley"", 'reyna', 'rader']"
5714512,1,20120409,[],"['linn', 'prost', 'dyk']"
5750561,1,20120409,[],"['linn', 'prost', 'dyk']"
7139761,1,20120508,[],"['moore', 'lourie', 'wallach']"
D621068,1,20170202,[],"['schall', 'hughes', 'stoll']"
7433483,1,20170217,[],"[""o'malley"", 'lourie', 'dyk']"
7854980,1,20170227,[],"['taranto', 'hughes', 'reyna']"
7334720,1,20170301,[],"['prost', 'lourie', 'newman']"
8118221,1,20170301,[],"['prost', 'lourie', 'newman']"
8336772,1,20170301,[],"['prost', 'lourie', 'newman']"
8316445,1,20170307,[],"['dyk', 'stoll', 'reyna']"
7104347,1,20170307,['stoll'],"['schall', 'prost']"
6627233,1,20120622,['newman'],['bryson']
8065156,1,20170419,[],"['chen', 'stoll', 'wallach']"
8290778,1,20170419,[],"['chen', 'stoll', 'wallach']"
8296146,1,20170419,[],"['chen', 'stoll', 'wallach']"
8712777,1,20170419,[],"['chen', 'stoll', 'wallach']"
8719037,1,20170419,[],"['chen', 'stoll', 'wallach']"
8719038,1,20170419,[],"['chen', 'stoll', 'wallach']"
8719039,1,20170419,[],"['chen', 'stoll', 'wallach']"
8214097,1,20170421,[],"['mayer', 'dyk', 'taranto']"
7614653,1,20170424,[],"[""o'malley"", 'hughes', 'wallach']"
7056712,1,20170425,[],"[""o'malley"", 'lourie', 'taranto']"
5926792,1,20120726,[],"['prost', 'lourie', 'wallach']"
7249037,1,20120726,[],"['prost', 'lourie', 'wallach']"
5641805,1,20120808,[],"['moore', 'prost', ""o'malley""]"
5709999,1,20120816,['bryson'],"['moore', 'lourie']"
5710001,1,20120816,['bryson'],"['moore', 'lourie']"
5753441,1,20120816,['bryson'],"['moore', 'lourie']"
6033857,1,20120816,['bryson'],"['moore', 'lourie']"
7418439,1,20170526,[],"['prost', 'lourie', 'stoll']"
RE38370,1,20120822,[],"['linn', 'dyk', 'plager']"
6981007,1,20120807,['mayer'],"['prost', ""o'malley""]"
6489346,1,20120904,[],"['moore', 'newman', 'rader']"
6645988,1,20120904,[],"['moore', 'newman', 'rader']"
6699885,1,20120904,[],"['moore', 'newman', 'rader']"
8127345,1,20170623,[],"['schall', 'prost', 'lourie']"
8387155,1,20170623,[],"['schall', 'prost', 'lourie']"
8605550,1,20170613,[],"['prost', 'dyk', 'reyna']"
6721178,1,20121023,[],"['newman', 'plager', 'wallach']"
8305840,1,20170613,[],"['prost', 'dyk', 'reyna']"
8605550,1,20170613,[],"['prost', 'dyk', 'reyna']"
RE40449,1,20121105,[],"['lourie', 'wallach', 'reyna']"
5372392,1,20121114,['moore'],"['linn', 'lourie']"
6537385,1,20170706,[],"['chen', 'lourie', 'taranto']"
7325377,1,20121206,[],"['prost', 'reyna', 'clevenger']"
7526904,1,20121206,[],"['prost', 'reyna', 'clevenger']"
7536837,1,20121206,[],"['prost', 'reyna', 'clevenger']"
6023683,1,20121121,[],"['prost', ""o'malley"", 'dyk']"
5834905,1,20121213,[],"[""o'malley"", 'plager', 'reyna']"
6121960,1,20170710,[],"['lourie', 'stoll', 'wallach']"
3304416,1,19830311,[],"['kashiwa', 'nichols', 'davis', 'markey', 'nies']"
6715639,1,20121227,['prost'],"['moore', 'wallach']"
5715314,1,20130122,[],"['prost', 'newman', 'reyna']"
5909492,1,20130122,[],"['prost', 'newman', 'reyna']"
7272639,1,20130122,[],"['prost', 'newman', 'reyna']"
6523680,1,20130123,[],"['prost', 'lourie', 'newman']"
3935858,1,19830523,[],"['miller', 'kashiwa', 'nichols', 'baldwin', 'cowen']"
6484784,1,20170907,[],"['moore', 'stoll', 'reyna']"
8366268,1,20170912,[],"['schall', 'wallach', 'reyna']"
8590838,1,20171003,[],"['chen', 'stoll', 'wallach']"
5681358,1,20030725,[],"['prost', 'newman', 'michel']"
5938799,1,20030725,[],"['prost', 'newman', 'michel']"
7092957,1,20171017,[],"['prost', 'stoll', 'wallach']"
7499946,1,20171017,[],"['prost', 'stoll', 'wallach']"
6016016,1,20171019,[],"['prost', 'hughes', 'reyna']"
5490216,1,20171023,[],"['prost', 'hughes', 'reyna']"
RE44550,1,20171020,[],"['lourie', 'taranto']"
RE37564,1,20130416,[],"['schall', 'prost', 'lourie']"
4191166,1,19830803,[],"['cowen', 'kashiwa', 'rich']"
5451558,1,20171023,[],"['lourie', 'hughes', 'reyna']"
5970479,1,20130510,[],"['dyk', 'linn', 'prost', ""o'malley"", 'wallach', 'rader', 'moore', 'lourie', 'newman', 'reyna', 'en banc']"
6912510,1,20130510,[],"['dyk', 'linn', 'prost', ""o'malley"", 'wallach', 'rader', 'moore', 'lourie', 'newman', 'reyna', 'en banc']"
7149720,1,20130510,[],"['dyk', 'linn', 'prost', ""o'malley"", 'wallach', 'rader', 'moore', 'lourie', 'newman', 'reyna', 'en banc']"
7725375,1,20130510,[],"['dyk', 'linn', 'prost', ""o'malley"", 'wallach', 'rader', 'moore', 'lourie', 'newman', 'reyna', 'en banc']"
6077281,1,20130603,[],"['dyk', 'wallach', 'rader']"
8435944,1,20171122,[],"['chen', 'hughes', 'plager']"
6677358,1,20130618,['newman'],"['prost', 'dyk']"
3391697,1,19831123,[],"['markey', 'cowen', 'bennett']"
3833005,1,19831123,[],"['markey', 'cowen', 'bennett']"
3901247,1,19831123,[],"['markey', 'cowen', 'bennett']"
7128744,1,20130709,[],"['dyk', 'wallach', 'bryson']"
3524680,1,19831207,[],"['miller', 'davis']"
5981589,1,20130726,[],"['moore', 'rader']"
4262803,1,19840104,[],"['smith', 'friedman', 'nies']"
4277930,1,19840104,[],"['smith', 'friedman', 'nies']"
7663607,1,20130807,['reyna'],"['linn', 'moore']"
7323463,1,20130501,[],"['prost', ""o'malley"", 'dyk']"
6141658,1,20130809,[],"['schall', 'prost', 'reyna']"
7947928,1,20130814,['reyna'],"[""o'malley"", 'bryson']"
3843859,1,19840214,[],"['nichols', 'kashiwa', 'bennett']"
5715314,1,20130904,[],"['prost', 'newman', 'reyna']"
7013284,1,20130905,['rader'],"['lourie', 'reyna']"
7008439,1,20130911,[],"['lourie', 'plager', 'wallach']"
4862618,1,19951228,[],"['schall', 'clevenger', 'archer']"
RE30159,1,19840326,[],"['miller', 'cowen', 'nies']"
6313749,1,20131022,[],"['prost', 'lourie', 'taranto']"
3291004,1,19840503,[],"['markey', 'davis', 'bennett']"
5830237,1,20131115,[],"['dyk', 'reyna', 'bryson']"
7579377,1,20131211,['newman'],"['prost', 'bryson']"
7737181,1,20131211,['newman'],"['prost', 'bryson']"
7834060,1,20131211,['newman'],"['prost', 'bryson']"
7838558,1,20131211,['newman'],"['prost', 'bryson']"
7868044,1,20131211,['newman'],"['prost', 'bryson']"
3254510,1,19840705,[],"['smith', 'nies']"
3277673,1,19840705,[],"['smith', 'nies']"
4107292,1,19840810,[],"['miller', 'kashiwa', 'bennett']"
3451352,1,19840816,[],"['smith', 'kashiwa', 'bennett']"
6730817,1,20140212,[],"['newman', 'dyk', 'rader']"
6328994,1,20140220,[],"['chen', 'prost', 'plager']"
D634487,1,20140402,[],"['chen', 'prost', 'rader']"
D634488,1,20140402,[],"['chen', 'prost', 'rader']"
4003440,1,19841115,[],"['smith', 'kashiwa', 'rich']"
7410957,1,20140411,['newman'],"['lourie', 'bryson']"
7718634,1,20140411,['newman'],"['lourie', 'bryson']"
5312550,1,20030826,[],"['schall', 'prost', 'lourie']"
6081835,1,20140527,[],"['chen', 'prost', 'rader']"
6867423,1,20140609,[],"['lourie', 'hughes', 'bryson']"
5206244,1,20140612,[],"['chen', 'plager']"
5181181,1,20140613,[],"['moore', 'hughes', 'reyna']"
3578036,1,19850221,[],"['davis', 'baldwin', 'rich']"
6594691,1,20140620,[],"['schall', 'moore', 'reyna']"
7525955,1,20140711,[],"[""o'malley""]"
6128415,1,20140711,[],"['moore', 'hughes', 'reyna']"
5211954,1,20140806,['newman'],"['moore', 'bryson']"
3553638,1,19850614,[],"['miller', 'markey', 'baldwin']"
7846442,1,20140821,[],"['chen', 'dyk', 'wallach']"
7644019,1,20140903,[],"['taranto', 'hughes']"
7138061,1,20140910,['moore'],"['newman', 'wallach']"
7381327,1,20140910,['moore'],"['newman', 'wallach']"
7410571,1,20140910,['moore'],"['newman', 'wallach']"
6034652,1,20140910,[],"['chen', 'taranto']"
3737358,1,19850626,[],"['skelton', 'markey', 'davis']"
4165963,1,19850802,[],"['markey', 'cowen', 'rich']"
4343032,1,19850809,[],"['smith', 'miller', 'bennett']"
7346545,1,20141114,[],"[""o'malley"", 'lourie']"
6993572,1,20141205,['mayer'],"['wallach', 'chen']"
4189534,1,19851007,[],"['markey', 'friedman', 'rich']"
4293654,1,19851007,[],"['markey', 'friedman', 'rich']"
RE28525,1,19850925,[],"['cowen', 'davis', 'rich']"
RE39038,1,20141224,[],"['taranto', 'hughes', 'bryson']"
RE40653,1,20141224,[],"['taranto', 'hughes', 'bryson']"
6063050,1,20141204,[],"['prost', 'hughes', 'reyna']"
6468286,1,20141204,[],"['prost', 'hughes', 'reyna']"
6682544,1,20141204,[],"['prost', 'hughes', 'reyna']"
3617028,1,19851114,[],"['cowen', 'davis', 'rich']"
3983569,1,19851101,[],"['markey', 'bennett']"
4327709,1,19851101,[],"['markey', 'davis']"
4144720,1,19851115,[],"['markey', 'bissell', 'davis']"
4207747,1,19851115,[],"['markey', 'bissell', 'davis']"
4283922,1,19851115,[],"['markey', 'bissell', 'davis']"
6070068,1,20150317,[],"['chen', 'taranto', 'bryson']"
6333045,1,20150320,['newman'],"['moore', 'plager']"
7244519,1,20150325,[],"['linn', 'prost', 'newman']"
6846863,1,20150416,[],"['moore', ""o'malley"", 'dyk']"
5663757,1,20150506,[],"['prost', 'newman', 'bryson']"
4373277,1,19860416,[],"['nies', 'friedman', 'archer']"
7970713,1,20150611,[],"['mayer', 'taranto', 'hughes']"
6258540,1,20150612,[],"['linn', 'wallach', 'reyna']"
5800808,1,20150618,['mayer'],"['moore', 'wallach']"
7707505,1,20150623,[],"['moore', 'newman', 'reyna']"
RE44048,1,20150623,[],"['prost', 'hughes', 'bryson']"
7582727,1,20150702,[],"['wallach', 'dyk', 'hughes']"
7598343,1,20150702,[],"['wallach', 'dyk', 'hughes']"
6155840,1,20150616,['reyna'],"['linn', 'moore']"
7603382,1,20150706,[],"['chen', 'dyk', 'reyna']"
8083137,1,20150706,[],"['chen', 'dyk', 'reyna']"
6553350,1,20150709,['hughes'],"['plager', 'newman']"
5547017,1,20150819,[],"['schall', 'prost', 'clevenger']"
RE30366,1,19860815,[],"['cowen', 'newman', 'davis']"
4306042,1,20150903,[],"['schall', 'hughes', 'reyna']"
7316033,1,20150904,[],"[""o'malley"", 'taranto', 'plager']"
RE29285,1,19860923,[],"['skelton', 'smith', 'bissell']"
3817333,1,19860930,[],"['markey', 'bissell', 'davis']"
6500829,1,20151002,[],"['lourie', 'hughes', 'wallach']"
4304244,1,19861008,[],"['skelton', 'smith', 'bissell']"
4373540,1,19861008,[],"['skelton', 'smith', 'bissell']"
5847053,1,20150828,[],"['prost', 'dyk', 'wallach']"
6111023,1,20150828,[],"['prost', 'dyk', 'wallach']"
6074503,1,20151105,[],"['newman', 'dyk', 'taranto']"
6284770,1,20151110,[],"['dyk', 'hughes', 'taranto']"
6468967,1,20151112,[],"['hughes', 'wallach', 'bryson']"
6852689,1,20151112,[],"['hughes', 'wallach', 'bryson']"
8058238,1,20151112,[],"['hughes', 'wallach', 'bryson']"
8129342,1,20151112,[],"['hughes', 'wallach', 'bryson']"
7712683,1,20151204,['newman'],"['prost', 'taranto']"
5997915,1,20151217,['newman'],"['hughes', 'plager']"
6673381,1,20151217,['newman'],"['hughes', 'plager']"
7172778,1,20151217,['newman'],"['hughes', 'plager']"
6011040,1,20151217,['newman'],"['hughes', 'plager']"
5191573,1,20151215,[],"['lourie', 'dyk', 'hughes']"
5966440,1,20151215,[],"['lourie', 'dyk', 'hughes']"
5374564,1,20031126,[],"['mayer', 'schall', 'clevenger']"
4308374,1,19870205,[],"['markey', 'davis', 'nies']"
7346545,1,20160120,[],"[""o'malley"", 'taranto']"
7674799,1,20160201,[],"['prost', 'reyna']"
7674800,1,20160201,[],"['prost', 'reyna']"
7683072,1,20160201,[],"['prost', 'reyna']"
8114383,1,20160201,[],"['prost', 'reyna']"
7162549,1,20151202,[],"['prost', 'dyk', 'hughes']"
6397458,1,20160210,[],"['hughes', 'wallach', 'bryson']"
6808551,1,20160210,[],"['hughes', 'wallach', 'bryson']"
3507103,1,19861105,[],"['skelton', 'davis', 'rich']"
7664516,1,20160301,[],"['chen', 'reyna', 'schall']"
8155679,1,20160301,[],"['chen', 'reyna', 'schall']"
8438055,1,20160301,[],"['chen', 'reyna', 'schall']"
8452646,1,20160301,[],"['chen', 'reyna', 'schall']"
8457670,1,20160301,[],"['chen', 'reyna', 'schall']"
8287320,1,20160222,[],"['moore', ""o'malley"", 'wallach']"
3643513,1,19870415,['smith'],"['nies', 'archer']"
8046721,1,20160226,[],"['prost', 'dyk', 'reyna']"
8074172,1,20160226,[],"['prost', 'dyk', 'reyna']"
8049729,1,20160301,[],"['lourie', 'dyk', 'wallach']"
7806360,1,20160323,[],"['moore', 'wallach', 'reyna']"
5612179,1,20160408,[],"['prost', 'dyk', 'taranto']"
3911647,1,19870512,[],"['smith', 'davis', 'friedman']"
6441168,1,20160513,[],"['mayer', 'dyk', 'hughes']"
7121489,1,20160615,[],"['dyk', 'wallach', 'newman']"
7582727,1,20160711,[],"['dyk', 'prost', 'taranto', 'chen', 'hughes', 'wallach', 'moore', 'lourie', 'stoll', 'reyna', 'newman', 'en banc']"
7598343,1,20160711,[],"['dyk', 'prost', 'taranto', 'chen', 'hughes', 'wallach', 'moore', 'lourie', 'stoll', 'reyna', 'newman', 'en banc']"
7031728,1,20160728,[],"['mayer', 'moore', 'wallach']"
7672681,1,20160728,[],"['mayer', 'moore', 'wallach']"
7233843,1,20160801,[],"['taranto', 'stoll', 'bryson']"
8060259,1,20160801,[],"['taranto', 'stoll', 'bryson']"
8401710,1,20160801,[],"['taranto', 'stoll', 'bryson']"
3225801,1,19871230,[],"['mayer', 'markey', 'rich']"
6772215,1,20160916,[],"['dyk', 'reyna', 'bryson']"
6970695,1,20160922,[],"['taranto', 'stoll', 'bryson']"
7970379,1,20160923,[],"['prost', 'wallach', 'bryson']"
5987610,1,20160930,['stoll'],"['mayer', 'dyk']"
6073142,1,20160930,['stoll'],"['mayer', 'dyk']"
6460050,1,20160930,['stoll'],"['mayer', 'dyk']"
3610799,1,19880212,[],"['markey', 'newman', 'bennett']"
3610806,1,19880212,[],"['markey', 'newman', 'bennett']"
8578500,1,20161011,[],"['lourie', 'stoll', 'plager']"
5530841,1,20161017,[],"['chen', 'lourie', 'moore']"
5680318,1,20161017,[],"['chen', 'lourie', 'moore']"
5748488,1,20161017,[],"['chen', 'lourie', 'moore']"
5284210,1,20031217,[],"['newman', 'lourie', 'clevenger']"
5938691,1,20161117,['newman'],"['chen', 'hughes']"
7024205,1,20161115,[],"['hughes', 'reyna', 'plager']"
7834605,1,20161212,[],"['chen', 'prost', 'schall']"
4221071,1,19880601,[],"['smith', 'rich', 'nichols']"
8488173,1,20170213,[],"['newman', 'lourie', ""o'malley""]"
3950635,1,19880609,[],"['smith', 'davis', 'cowen']"
4438491,1,19880609,[],"['smith', 'davis', 'cowen']"
4076698,1,19880615,[],"['bissell', 'miller']"
4150265,1,19880623,[],"['smith', 'nies', 'rich']"
6510434,1,20170307,[],"['chen', 'wallach', 'prost']"
6546002,1,20170307,[],"['chen', 'wallach', 'prost']"
7984081,1,20170307,[],"['chen', 'wallach', 'prost']"
6889168,1,20170321,[],"['prost', 'reyna', 'clevenger']"
8005303,1,20170428,[],"['lourie', 'reyna', 'stoll']"
7947724,1,20170501,[],"['dyk', 'mayer', ""o'malley""]"
7947725,1,20170501,[],"['dyk', 'mayer', ""o'malley""]"
7960424,1,20170501,[],"['dyk', 'mayer', ""o'malley""]"
8598219,1,20170501,[],"['dyk', 'mayer', ""o'malley""]"
7223552,1,20170616,[],"['wallach', 'lourie', 'reyna']"
7459286,1,20170616,[],"['wallach', 'lourie', 'reyna']"
8349581,1,20170616,[],"['wallach', 'lourie', 'reyna']"
4848775,1,19960612,[],"['lourie', 'clevenger', 'plager']"
4006770,1,19881229,['newman'],"['nies', 'archer']"
7581688,1,20170804,['newman'],"['dyk', 'prost']"
7626349,1,20170822,[],"['dyk', 'wallach', 'reyna']"
6826548,1,20170828,['newman'],"['wallach', 'prost']"
7272021,1,20170830,[],"['chen', 'lourie', 'taranto']"
6918532,1,20170907,['reyna'],"['prost', 'taranto']"
5733303,1,20040114,[],"['gajarsa', 'bryson', 'clevenger']"
5972018,1,20040114,[],"['gajarsa', 'bryson', 'clevenger']"
7566003,1,20171018,['linn'],"['wallach', 'reyna']"
7568617,1,20171018,['linn'],"['wallach', 'reyna']"
8505816,1,20171018,['linn'],"['wallach', 'reyna']"
8662390,1,20171018,['linn'],"['wallach', 'reyna']"
7814032,1,20171016,[],"['prost', 'reyna', 'clevenger']"
7818268,1,20171016,[],"['prost', 'reyna', 'clevenger']"
8073787,1,20171016,[],"['prost', 'reyna', 'clevenger']"
8260629,1,20171016,[],"['prost', 'reyna', 'clevenger']"
8429093,1,20171016,[],"['prost', 'reyna', 'clevenger']"
8910860,1,20171016,[],"['prost', 'reyna', 'clevenger']"
9105002,1,20171016,[],"['prost', 'reyna', 'clevenger']"
8613950,1,20171101,[],"['lourie', ""o'malley"", 'moore']"
5778187,1,20171101,[],"['hughes', 'lourie', 'reyna']"
5983005,1,20171101,[],"['hughes', 'lourie', 'reyna']"
6434622,1,20171101,[],"['hughes', 'lourie', 'reyna']"
7266686,1,20171101,[],"['hughes', 'lourie', 'reyna']"
6486150,1,20171026,['newman'],"['lourie', 'hughes']"
7191233,1,20171205,[],"['newman', 'mayer', ""o'malley""]"
3995481,1,19890615,[],"['nies', 'michel', 'rich']"
4734089,1,19960710,['newman'],"['lourie', 'schall']"
7447713,1,20180208,[],"['taranto', 'moore', 'stoll']"
8018049,1,20180406,['newman'],"['wallach', 'clevenger']"
3345458,1,19891011,[],"['mayer', 'nies']"
3760375,1,19900629,[],['archer']
3893917,1,19900719,[],['markey']
3962081,1,19900719,[],['markey']
4024056,1,19900719,[],['markey']
4024212,1,19900719,[],['markey']
4075303,1,19900719,[],['markey']
4081371,1,19900719,[],['markey']
4632764,1,19900816,[],"['nies', 'miller']"
3868811,1,19901012,[],['lourie']
4018036,1,19901012,[],['lourie']
3790154,1,19901010,[],['markey']
4677195,1,19910305,[],"['lourie', 'clevenger', 'markey']"
RE32601,1,19911204,[],"['smith', 'newman', 'rich']"
4519135,1,19920312,[],"['nies', 'rader', 'lourie']"
4601720,1,19921228,[],"['mayer', 'michel', 'archer']"
4686993,1,19930126,[],"['nies', 'archer']"
4914876,1,19930629,[],"['newman', 'lourie', 'plager']"
4001460,1,19930614,[],"['smith', 'rader', 'plager']"
