"4,733,971"	1988-03-29 0:00	0	1997-01-03 0:00	"['mayer', 'lourie', 'archer']"	[]
"4,656,605"	1987-04-07 0:00	0	1997-01-03 0:00	"['schall', 'mayer', 'rich']"	[]
"4,727,513"	1988-02-23 0:00	0	1997-01-03 0:00	"['schall', 'mayer', 'rich']"	[]
"RE36,098"	1999-02-16 0:00	0	2004-05-24 0:00	"['lourie', 'plager', 'prost']"	[]
"5,186,347"	1993-02-16 0:00	0	2005-01-06 0:00	"['schall', 'michel']"	[]
"5,589,984"	1996-12-31 0:00	0	2005-01-19 0:00	"['clevenger', 'dyk', 'rader']"	[]
"4,817,089"	1989-03-28 0:00	0	1997-07-30 0:00	"['plager', 'rader', 'archer']"	[]
"4,921,705"	1990-05-01 0:00	0	1997-07-30 0:00	"['plager', 'rader', 'archer']"	[]
"5,119,375"	1992-06-02 0:00	0	1997-07-30 0:00	"['plager', 'rader', 'archer']"	[]
"D342,528"	1993-12-21 0:00	0	1997-09-04 0:00	"['newman', 'clevenger', 'smith']"	[]
"5,376,006"	1994-12-27 0:00	0	1997-10-10 0:00	"['bryson', 'clevenger', 'plager']"	[]
"5,191,290"	1993-03-02 0:00	0	1997-09-17 0:00	"['bryson', 'schall', 'archer']"	[]
"5,633,015"	1997-05-27 0:00	0	2005-06-13 0:00	"['schall', 'plager', 'archer']"	[]
"4,018,994"	1977-04-19 0:00	0	1998-02-03 0:00	"['newman', 'gajarsa', 'rader']"	[]
"4,889,675"	1989-12-26 0:00	0	1998-05-14 0:00	"['lourie', 'plager', 'michel']"	[]
"5,209,737"	1993-05-11 0:00	0	1998-06-30 0:00	"['schall', 'mayer', 'plager']"	[]
"5,308,336"	1994-05-03 0:00	0	1998-06-30 0:00	"['schall', 'mayer', 'plager']"	[]
"5,385,553"	1995-01-31 0:00	0	1998-06-30 0:00	"['schall', 'mayer', 'plager']"	[]
"6,157,850"	2000-12-05 0:00	0	2005-09-07 0:00	"['lourie', 'prost', 'michel']"	[]
"6,263,222"	2001-07-17 0:00	0	2005-09-07 0:00	"['lourie', 'prost', 'michel']"	[]
"4,763,440"	1988-08-16 0:00	0	1998-07-10 0:00	"['newman', 'clevenger', 'michel']"	[]
"6,520,862"	2003-02-18 0:00	0	2005-11-04 0:00	"['schall', 'mayer', 'linn']"	[]
"5,307,656"	1994-05-03 0:00	0	1998-09-10 0:00	"['gajarsa', 'plager', 'michel']"	[]
"4,944,308"	1990-07-31 0:00	0	1998-09-30 0:00	"['newman', 'mayer', 'bryson']"	[]
"5,011,743"	1991-04-30 0:00	0	1998-10-06 0:00	"['newman', 'clevenger', 'rich']"	[]
"5,111,577"	1992-05-12 0:00	0	1998-10-06 0:00	"['newman', 'clevenger', 'rich']"	[]
"5,335,227"	1994-08-02 0:00	0	1998-11-24 0:00	"['lourie', 'michel', 'rich']"	[]
"5,186,938"	1993-02-16 0:00	0	1998-11-25 0:00	"['clevenger', 'mayer', 'plager']"	[]
"4,976,532"	1990-12-11 0:00	0	1999-03-30 0:00	"['mayer', 'rader', 'rich']"	[]
"5,144,345"	1992-09-01 0:00	0	1999-03-30 0:00	"['mayer', 'rader', 'rich']"	[]
"5,260,726"	1993-11-09 0:00	0	1999-03-30 0:00	"['mayer', 'rader', 'rich']"	[]
"5,521,911"	1996-05-28 0:00	0	1999-03-30 0:00	"['mayer', 'rader', 'rich']"	[]
"4,774,941"	1988-10-04 0:00	0	1999-07-14 0:00	"['clevenger', 'lourie', 'gajarsa']"	[]
"4,448,419"	1984-05-15 0:00	0	1999-07-20 0:00	['schall']	[]
"5,575,405"	1996-11-19 0:00	0	1999-08-06 0:00	['bryson']	[]
"5,465,152"	1995-11-07 0:00	0	1999-09-03 0:00	"['bryson', 'gajarsa', 'clevenger']"	[]
"4,107,257"	1978-08-15 0:00	0	1999-09-30 0:00	"['mayer', 'lourie', 'michel']"	[]
"4,047,692"	1977-09-13 0:00	0	1999-09-30 0:00	"['mayer', 'lourie', 'michel']"	[]
"4,647,496"	1987-03-03 0:00	0	1999-11-01 0:00	"['bryson', 'gajarsa']"	[]
"4,935,047"	1990-06-19 0:00	0	2000-01-27 0:00	"['gajarsa', 'michel', 'rader']"	[]
"5,502,941"	1996-04-02 0:00	0	2000-02-29 0:00	"['mayer', 'lourie', 'archer']"	[]
"5,288,393"	1994-02-22 0:00	0	2000-03-29 0:00	"['mayer', 'lourie', 'rader']"	[]
"6,589,541"	2003-07-08 0:00	0	2006-12-12 0:00	"['bryson', 'gajarsa', 'clevenger']"	[]
"4,509,939"	1985-04-09 0:00	0	1994-04-05 0:00	"['newman', 'lourie', 'schall']"	[]
"4,916,163"	1990-04-10 0:00	0	2000-09-11 0:00	"['newman', 'skelton', 'archer']"	[]
"5,169,227"	1992-12-08 0:00	0	2000-09-28 0:00	"['bryson', 'mayer', 'rader']"	[]
"4,283,408"	1981-08-11 0:00	0	2000-11-03 0:00	"['newman', 'gajarsa', 'rader']"	[]
"5,484,402"	1996-01-16 0:00	0	2000-12-12 0:00	"['newman', 'mayer', 'schall']"	[]
"4,314,081"	1982-02-02 0:00	0	2001-05-30 0:00	"['friedman', 'gajarsa', 'mayer']"	[]
"4,696,290"	1987-09-29 0:00	0	2001-06-08 0:00	"['linn', 'michel', 'rader']"	[]
"4,854,311"	1989-08-08 0:00	0	2001-06-08 0:00	"['linn', 'michel', 'rader']"	[]
"4,972,649"	1990-11-27 0:00	0	2001-08-21 0:00	"['newman', 'gajarsa', 'michel']"	[]
"4,537,375"	1985-08-27 0:00	0	2001-11-13 0:00	"['newman', 'michel', 'schall']"	[]
"4,973,511"	1990-11-27 0:00	0	2002-05-13 0:00	"['clevenger', 'lourie', 'gajarsa']"	[]
"6,039,119"	2000-03-21 0:00	0	2002-05-14 0:00	"['schall', 'mayer', 'lourie']"	[]
"5,575,405"	1996-11-19 0:00	0	2002-06-07 0:00	"['lourie', 'linn']"	['mayer']
"4,581,953"	1986-04-15 0:00	0	2002-06-21 0:00	"['gajarsa', 'linn', 'rader']"	[]
"5,169,716"	1992-12-08 0:00	0	2002-08-30 0:00	"['gajarsa', 'linn']"	['mayer']
"5,163,368"	1992-11-17 0:00	0	2002-09-17 0:00	"['bryson', 'clevenger', 'rader']"	[]
"5,174,205"	1992-12-29 0:00	0	2002-09-17 0:00	"['bryson', 'clevenger', 'rader']"	[]
"6,006,291"	1999-12-21 0:00	0	2003-02-14 0:00	"['clevenger', 'mayer', 'michel']"	[]
"5,476,778"	1995-12-19 0:00	0	2003-02-21 0:00	"['clevenger', 'mayer', 'rader']"	[]
"4,505,373"	1985-03-19 0:00	0	2003-04-01 0:00	"['bryson', 'schall', 'rader']"	[]
"4,519,494"	1985-05-28 0:00	0	2003-04-01 0:00	"['bryson', 'schall', 'rader']"	[]
"4,569,444"	1986-02-11 0:00	0	2003-04-01 0:00	"['bryson', 'schall', 'rader']"	[]
"4,135,202"	1979-01-16 0:00	0	2003-07-21 0:00	"['schall', 'dyk', 'gajarsa']"	[]
"6,017,855"	2000-01-25 0:00	0	2003-08-06 0:00	"['dyk', 'prost', 'mayer']"	[]
"3,882,638"	1975-05-13 0:00	0	1994-09-12 0:00	"['mayer', 'lourie', 'rader']"	[]
"3,972,123"	1976-08-03 0:00	0	1994-09-12 0:00	"['mayer', 'lourie', 'rader']"	[]
"4,412,402"	1983-11-01 0:00	0	1994-09-12 0:00	"['mayer', 'lourie', 'rader']"	[]
"4,621,077"	1986-11-04 0:00	0	2003-10-30 0:00	"['newman', 'mayer', 'prost']"	[]
"4,785,822"	1988-11-22 0:00	0	2003-12-04 0:00	"['mayer', 'michel', 'rader']"	[]
"5,673,989"	1997-10-07 0:00	0	2004-01-20 0:00	"['schall', 'prost', 'archer']"	[]
"5,926,792"	1999-07-20 0:00	0	2004-03-01 0:00	"['bryson', 'prost', 'rader']"	[]
"4,380,893"	1983-04-26 0:00	0	2004-06-02 0:00	"['newman', 'bryson', 'lourie', 'rader', 'schall', 'linn', 'clevenger', 'dyk', 'gajarsa', 'prost', 'michel', 'mayer', 'en banc']"	[]
"4,428,194"	1984-01-31 0:00	0	2004-06-02 0:00	"['newman', 'bryson', 'lourie', 'rader', 'schall', 'linn', 'clevenger', 'dyk', 'gajarsa', 'prost', 'michel', 'mayer', 'en banc']"	[]
"4,940,658"	1990-07-10 0:00	0	2004-06-08 0:00	"['schall', 'friedman', 'rader']"	[]
"5,969,119"	1999-10-19 0:00	0	2010-03-25 0:00	"['lourie', 'gajarsa', 'moore']"	[]
"4,562,181"	1985-12-31 0:00	0	2004-07-27 0:00	"['schall', 'dyk', 'gajarsa']"	[]
"4,820,833"	1989-04-11 0:00	0	2004-07-27 0:00	"['schall', 'dyk', 'gajarsa']"	[]
"4,407,288"	1983-10-04 0:00	0	2004-08-31 0:00	"['newman', 'friedman', 'rader']"	[]
"5,763,047"	1998-06-09 0:00	0	2004-09-14 0:00	"['lourie', 'michel', 'rader']"	[]
"5,804,112"	1998-09-08 0:00	0	2004-09-14 0:00	"['lourie', 'michel', 'rader']"	[]
"4,588,580"	1986-05-13 0:00	0	2004-12-10 0:00	"['newman', 'dyk', 'archer']"	[]
"3,921,120"	1975-11-18 0:00	0	2005-02-28 0:00	"['schall', 'michel']"	[]
"4,029,233"	1977-06-14 0:00	0	2005-02-28 0:00	"['schall', 'michel']"	[]
"5,845,265"	1998-12-01 0:00	0	2005-03-16 0:00	"['bryson', 'clevenger']"	[]
"4,636,214"	1987-01-13 0:00	0	2005-03-28 0:00	"['dyk', 'prost', 'rader']"	[]
"5,222,985"	1993-06-29 0:00	0	2005-03-28 0:00	"['dyk', 'prost', 'rader']"	[]
"5,799,151"	1998-08-25 0:00	0	2005-04-22 0:00	"['newman', 'dyk', 'bryson']"	[]
"5,697,882"	1997-12-16 0:00	0	2005-05-10 0:00	"['bryson', 'mayer', 'lourie']"	[]
"5,711,752"	1998-01-27 0:00	0	2005-05-16 0:00	"['dyk', 'lourie', 'plager']"	[]
"5,505,233"	1996-04-09 0:00	0	2002-06-24 0:00	"['bryson', 'friedman', 'clevenger']"	[]
"5,951,927"	1999-09-14 0:00	0	2005-08-08 0:00	"['newman', 'dyk', 'schall']"	[]
"6,076,094"	2000-06-13 0:00	0	2005-08-19 0:00	"['dyk', 'mayer', 'rader']"	[]
"5,110,046"	1992-05-05 0:00	0	2005-09-19 0:00	"['clevenger', 'dyk', 'rader']"	[]
"4,981,797"	1991-01-01 0:00	0	2005-10-05 0:00	"['dyk', 'prost', 'rader']"	[]
"5,464,709"	1995-11-07 0:00	0	2006-01-25 0:00	"['newman', 'schall', 'archer']"	[]
"5,658,590"	1997-08-19 0:00	0	2011-07-29 0:00	"['newman', 'lourie']"	[]
"6,266,892"	2001-07-31 0:00	0	2011-09-02 0:00	"['bryson', 'mayer']"	[]
"6,298,577"	2001-10-09 0:00	0	2011-09-02 0:00	"['bryson', 'mayer']"	[]
"4,550,540"	1985-11-05 0:00	0	1995-01-04 0:00	"['newman', 'plager']"	['mayer']
"6,306,382"	2001-10-23 0:00	0	2006-03-21 0:00	"['newman', 'mayer', 'gajarsa']"	[]
"5,900,514"	1999-05-04 0:00	0	2006-03-23 0:00	"['dyk', 'lourie', 'rader']"	[]
"6,781,231"	2004-08-24 0:00	0	2011-06-03 0:00	"['mayer', 'lourie', 'gajarsa']"	[]
"7,242,089"	2007-07-10 0:00	0	2011-06-03 0:00	"['mayer', 'lourie', 'gajarsa']"	[]
"3,684,560"	1972-08-15 0:00	0	1995-01-23 0:00	"['newman', 'mayer', 'clevenger']"	[]
"5,382,714"	1995-01-17 0:00	0	2006-09-25 0:00	"['newman', 'mayer', 'bryson']"	[]
"RE36,355"	1999-10-26 0:00	0	2006-09-20 0:00	"['dyk', 'archer']"	['schall']
"5,367,726"	1994-11-29 0:00	0	2006-10-02 0:00	"['schall', 'dyk', 'rader']"	[]
"5,229,382"	1993-07-20 0:00	0	2006-12-26 0:00	"['schall', 'gajarsa', 'rader']"	[]
"5,449,865"	1995-09-12 0:00	0	2012-05-29 0:00	"['lourie', 'rader', 'reyna']"	[]
"6,381,354"	2002-04-30 0:00	0	2012-05-25 0:00	"['lourie', 'rader', 'reyna']"	[]
"6,502,579"	2003-01-07 0:00	0	2007-06-27 0:00	"['lourie', 'prost', 'moore']"	[]
"4,687,777"	1987-08-18 0:00	0	2007-06-28 0:00	"['bryson', 'dyk', 'lourie']"	[]
"RE34,712"	1994-08-30 0:00	0	2007-09-05 0:00	"['schall', 'friedman', 'lourie']"	[]
"5,688,819"	1997-11-18 0:00	0	2013-01-28 0:00	"['rader', 'wallach']"	[]
"5,799,273"	1998-08-25 0:00	0	2007-10-12 0:00	"['newman', 'gajarsa', 'rader']"	[]
"6,044,471"	2000-03-28 0:00	0	2007-11-16 0:00	"['lourie', 'linn']"	[]
"6,785,825"	2004-08-31 0:00	0	2007-11-16 0:00	"['lourie', 'linn']"	[]
"5,466,823"	1995-11-14 0:00	0	2008-03-07 0:00	"['dyk', 'michel']"	[]
"5,563,165"	1996-10-08 0:00	0	2008-03-07 0:00	"['dyk', 'michel']"	[]
"4,521,431"	1985-06-04 0:00	0	1995-04-21 0:00	"['rich', 'archer']"	['mayer']
"5,471,593"	1995-11-28 0:00	0	2008-04-01 0:00	"['newman', 'dyk', 'gajarsa']"	[]
"7,287,109"	2007-10-23 0:00	0	2013-06-28 0:00	"[""o'malley"", 'rader']"	['wallach']
"6,083,213"	2000-07-04 0:00	0	2008-08-18 0:00	"['bryson', 'mayer', 'gajarsa']"	[]
"5,955,955"	1999-09-21 0:00	0	2013-09-06 0:00	"['clevenger', 'moore', 'rader']"	[]
"5,772,874"	1998-06-30 0:00	0	2008-10-07 0:00	"['prost', 'linn']"	['mayer']
"5,657,317"	1997-08-12 0:00	0	2008-09-24 0:00	"['linn', 'prost', 'friedman']"	[]
"6,389,010"	2002-05-14 0:00	0	2008-09-24 0:00	"['linn', 'prost', 'friedman']"	[]
"5,527,814"	1996-06-18 0:00	0	2008-10-03 0:00	"['schall', 'rader']"	[]
"5,113,780"	1992-05-19 0:00	0	2013-09-19 0:00	"['schall', 'prost', 'lourie']"	[]
"4,847,265"	1989-07-11 0:00	0	2008-12-12 0:00	"['lourie', 'newman', 'bryson']"	[]
"5,743,942"	1998-04-28 0:00	0	2009-01-30 0:00	"['friedman', 'bryson', 'rader']"	[]
"6,197,819"	2001-03-06 0:00	0	2014-02-06 0:00	"['moore', 'prost', 'rader']"	[]
"4,739,762"	1988-04-26 0:00	0	2009-03-31 0:00	"['mayer', 'dyk']"	[]
"5,895,406"	1999-04-20 0:00	0	2009-03-31 0:00	"['mayer', 'dyk']"	[]
"5,922,021"	1999-07-13 0:00	0	2009-03-31 0:00	"['mayer', 'dyk']"	[]
"5,583,122"	1996-12-10 0:00	0	2009-05-13 0:00	"['mayer', 'dyk']"	[]
"6,679,573"	2004-01-20 0:00	0	2009-07-20 0:00	"['linn', 'michel', 'schall']"	[]
"4,763,356"	1988-08-09 0:00	0	2009-09-11 0:00	"['lourie', 'newman', 'michel']"	[]
"6,355,623"	2002-03-12 0:00	0	2009-09-16 0:00	"['lourie', 'michel']"	[]
"6,680,302"	2004-01-20 0:00	0	2009-09-16 0:00	"['lourie', 'michel']"	[]
"5,247,434"	1993-09-21 0:00	0	2009-09-10 0:00	"['gajarsa', 'dyk', 'newman']"	[]
"4,886,812"	1989-12-12 0:00	0	2010-01-25 0:00	"['linn', 'prost']"	['dyk']
"7,395,090"	2008-07-01 0:00	0	2014-12-16 0:00	"['schall', 'lourie', 'dyk']"	[]
"6,766,304"	2004-07-20 0:00	0	2010-02-25 0:00	"['lourie', 'rader']"	[]
"6,772,132"	2004-08-03 0:00	0	2010-02-25 0:00	"['lourie', 'rader']"	[]
"6,993,858"	2006-02-07 0:00	0	2010-02-24 0:00	"['prost', 'lourie', 'rader']"	[]
"5,125,904"	1992-06-30 0:00	0	2010-03-24 0:00	"['gajarsa', 'rader', 'moore', 'lourie', 'newman']"	[]
"7,000,125"	2006-02-14 0:00	0	2010-03-30 0:00	"['gajarsa', 'michel']"	[]
"4,880,076"	1989-11-14 0:00	0	2010-04-01 0:00	"['schall', 'lourie', 'rader']"	[]
"5,002,151"	1991-03-26 0:00	0	2010-04-01 0:00	"['schall', 'lourie', 'rader']"	[]
"6,937,187"	2005-08-30 0:00	0	2010-04-12 0:00	"['dyk', 'michel', 'clevenger']"	[]
"6,115,074"	2000-09-05 0:00	0	2010-05-26 0:00	"['mayer', 'dyk']"	['clevenger']
"6,467,914"	2002-10-22 0:00	0	2010-05-25 0:00	"['prost', 'moore']"	['mayer']
"6,316,023"	2001-11-13 0:00	0	2015-05-21 0:00	"['lourie', 'taranto', 'hughes']"	[]
"6,335,031"	2002-01-01 0:00	0	2015-05-21 0:00	"['lourie', 'taranto', 'hughes']"	[]
"4,835,763"	1989-05-30 0:00	0	2010-07-06 0:00	['lourie']	['prost']
"7,757,946"	2010-07-20 0:00	0	2015-06-10 0:00	"['chen', 'taranto', 'wallach']"	[]
"6,906,086"	2005-06-14 0:00	0	2010-09-01 0:00	"['linn', 'prost', 'rader']"	[]
"5,616,599"	1997-04-01 0:00	0	2010-09-09 0:00	"['linn', 'lourie', 'friedman']"	[]
"6,936,071"	2005-08-30 0:00	0	2010-09-09 0:00	"['moore', 'dyk', 'friedman']"	[]
"6,433,419"	2002-08-13 0:00	0	2010-12-21 0:00	"['linn', 'lourie', 'friedman']"	[]
"7,141,906"	2006-11-28 0:00	0	2016-04-06 0:00	"['moore', 'prost', 'clevenger']"	[]
"5,915,105"	1999-06-22 0:00	0	2011-05-13 0:00	"['linn', 'gajarsa', 'lourie', 'newman', 'bryson']"	[]
"6,034,918"	2000-03-07 0:00	0	2011-05-13 0:00	"['linn', 'gajarsa', 'lourie', 'newman', 'bryson']"	[]
"6,324,120"	2001-11-27 0:00	0	2011-05-13 0:00	"['linn', 'gajarsa', 'lourie', 'newman', 'bryson']"	[]
"6,378,020"	2002-04-23 0:00	0	2011-05-13 0:00	"['linn', 'gajarsa', 'lourie', 'newman', 'bryson']"	[]
"6,426,916"	2002-07-30 0:00	0	2011-05-13 0:00	"['linn', 'gajarsa', 'lourie', 'newman', 'bryson']"	[]
"6,452,863"	2002-09-17 0:00	0	2011-05-13 0:00	"['linn', 'gajarsa', 'lourie', 'newman', 'bryson']"	[]
"5,663,106"	1997-09-02 0:00	0	2011-05-23 0:00	"['linn', 'lourie', 'dyk']"	[]
"5,544,417"	1996-08-13 0:00	0	2016-05-18 0:00	"['chen', 'lourie', 'moore']"	[]
"5,852,277"	1998-12-22 0:00	0	2011-06-13 0:00	"['newman', 'clevenger', 'bryson']"	[]
"7,109,373"	2006-09-19 0:00	0	2011-06-24 0:00	"['linn', 'clevenger', 'rader']"	[]
"5,693,473"	1997-12-02 0:00	0	2011-07-29 0:00	"['moore', 'lourie']"	['bryson']
"5,747,282"	1998-05-05 0:00	0	2011-07-29 0:00	"['moore', 'lourie']"	['bryson']
"5,837,492"	1998-11-17 0:00	0	2011-07-29 0:00	"['moore', 'lourie']"	['bryson']
"RE40,812"	2009-06-30 0:00	0	2011-08-25 0:00	"['moore', ""o'malley"", 'rader']"	[]
"6,202,649"	2001-03-20 0:00	0	2011-08-26 0:00	"['linn', 'rader']"	['dyk']
"6,425,401"	2002-07-30 0:00	0	2011-08-26 0:00	"['linn', 'rader']"	['dyk']
"5,330,526"	1994-07-19 0:00	0	2016-07-28 0:00	"['lourie', 'dyk', 'hughes']"	[]
"5,607,454"	1997-03-04 0:00	0	2016-07-28 0:00	"['lourie', 'dyk', 'hughes']"	[]
"5,749,905"	1998-05-12 0:00	0	2016-07-28 0:00	"['lourie', 'dyk', 'hughes']"	[]
"6,047,212"	2000-04-04 0:00	0	2016-07-28 0:00	"['lourie', 'dyk', 'hughes']"	[]
"6,420,139"	2002-07-16 0:00	0	2011-08-31 0:00	"['newman', 'rader']"	['moore']
"6,638,739"	2003-10-28 0:00	0	2011-08-31 0:00	"['newman', 'rader']"	['moore']
"6,319,913"	2001-11-20 0:00	0	2016-10-14 0:00	"['moore', 'taranto', 'hughes']"	[]
"6,579,865"	2003-06-17 0:00	0	2016-10-14 0:00	"['moore', 'taranto', 'hughes']"	[]
"6,879,830"	2005-04-12 0:00	0	2012-01-30 0:00	"['linn', ""o'malley"", 'bryson']"	[]
"5,084,994"	1992-02-04 0:00	0	1995-10-10 0:00	"['nies', 'lourie', 'clevenger']"	[]
"5,006,528"	1991-04-09 0:00	0	2012-05-07 0:00	"['moore', 'lourie', 'reyna']"	[]
"8,041,805"	2011-10-18 0:00	0	2017-02-13 0:00	"['prost', 'lourie', 'newman']"	[]
"6,182,649"	2001-02-06 0:00	0	2017-03-01 0:00	"['dyk', 'stoll', 'clevenger']"	[]
"6,546,924"	2003-04-15 0:00	0	2017-03-01 0:00	"['dyk', 'stoll', 'clevenger']"	[]
"5,970,479"	1999-10-19 0:00	0	2012-07-09 0:00	"['linn', ""o'malley""]"	['prost']
"7,149,720"	2006-12-12 0:00	0	2012-07-09 0:00	"['linn', ""o'malley""]"	['prost']
"7,725,375"	2010-05-25 0:00	0	2012-07-09 0:00	"['linn', ""o'malley""]"	['prost']
"5,693,473"	1997-12-02 0:00	0	2012-08-16 0:00	"['moore', 'lourie']"	['bryson']
"5,747,282"	1998-05-05 0:00	0	2012-08-16 0:00	"['moore', 'lourie']"	['bryson']
"5,837,492"	1998-11-17 0:00	0	2012-08-16 0:00	"['moore', 'lourie']"	['bryson']
"5,344,932"	1994-09-06 0:00	0	2012-08-24 0:00	"['lourie', 'dyk', 'wallach']"	[]
"6,433,277"	2002-08-13 0:00	0	2012-08-22 0:00	"['linn', 'newman', 'plager']"	[]
"5,740,670"	1998-04-21 0:00	0	2012-08-28 0:00	"['linn', 'dyk', 'reyna']"	[]
"6,035,633"	2000-03-14 0:00	0	2012-08-28 0:00	"['linn', 'dyk', 'reyna']"	[]
"5,550,578"	1996-08-27 0:00	0	2012-08-24 0:00	"['moore', 'dyk', 'bryson']"	[]
"6,034,678"	2000-03-07 0:00	0	2012-08-24 0:00	"['moore', 'dyk', 'bryson']"	[]
"6,100,883"	2000-08-08 0:00	0	2012-08-24 0:00	"['moore', 'dyk', 'bryson']"	[]
"7,399,772"	2008-07-15 0:00	0	2012-09-04 0:00	"['moore', 'newman', 'rader']"	[]
"6,060,499"	2000-05-09 0:00	0	2012-09-28 0:00	"['newman', 'wallach']"	['clevenger']
"6,586,458"	2003-07-01 0:00	0	2012-09-28 0:00	"['newman', 'wallach']"	['clevenger']
"6,979,117"	2005-12-27 0:00	0	2012-09-06 0:00	"['prost', 'lourie', 'newman']"	[]
"7,281,842"	2007-10-16 0:00	0	2012-09-06 0:00	"['prost', 'lourie', 'newman']"	[]
"4,879,749"	1989-11-07 0:00	0	2012-10-12 0:00	"['linn', 'plager', 'rader']"	[]
"6,047,781"	2000-04-11 0:00	0	2012-11-15 0:00	"['moore', 'prost', 'wallach']"	[]
"6,068,069"	2000-05-30 0:00	0	2012-11-15 0:00	"['moore', 'prost', 'wallach']"	[]
"6,085,851"	2000-07-11 0:00	0	2012-11-15 0:00	"['moore', 'prost', 'wallach']"	[]
"4,356,170"	1982-10-26 0:00	0	1993-10-06 0:00	"['skelton', 'lourie']"	['rader']
"7,853,243"	2010-12-14 0:00	0	2017-07-14 0:00	"['chen', 'stoll', 'newman']"	[]
"6,052,980"	2000-04-25 0:00	0	2012-12-04 0:00	"['newman', 'plager', 'rader']"	[]
"3,607,625"	1971-09-21 0:00	0	1983-04-18 0:00	"['miller', 'rich', 'smith', 'bennett', 'friedman']"	[]
"6,249,876"	2001-06-19 0:00	0	2013-03-26 0:00	"[""o'malley"", 'lourie', 'reyna']"	[]
"3,182,511"	1965-05-11 0:00	0	1983-07-21 0:00	"['markey', 'friedman', 'nies']"	[]
"6,000,608"	1999-12-14 0:00	0	2013-05-20 0:00	"['dyk', 'moore']"	['mayer']
"5,337,753"	1994-08-16 0:00	0	2013-04-26 0:00	"['schall', 'newman', 'wallach']"	[]
"3,758,051"	1973-09-11 0:00	0	1983-09-20 0:00	"['markey', 'baldwin']"	['davis']
"7,030,149"	2006-04-18 0:00	0	2017-12-22 0:00	"['mayer', 'hughes', 'moore']"	[]
"7,320,976"	2008-01-22 0:00	0	2017-12-22 0:00	"['mayer', 'hughes', 'moore']"	[]
"8,748,425"	2014-06-10 0:00	0	2017-12-22 0:00	"['mayer', 'hughes', 'moore']"	[]
"8,807,861"	2014-08-19 0:00	0	2017-11-22 0:00	"['chen', 'hughes', 'plager']"	[]
"3,459,199"	1969-08-05 0:00	0	1983-11-23 0:00	"['smith', 'markey', 'cowen']"	[]
"5,800,808"	1998-09-01 0:00	0	2013-07-26 0:00	"['moore', 'rader']"	[]
"6,048,898"	2000-04-11 0:00	0	2013-07-26 0:00	"['moore', 'rader']"	[]
"6,054,430"	2000-04-25 0:00	0	2013-07-26 0:00	"['moore', 'rader']"	[]
"6,342,476"	2002-01-29 0:00	0	2013-07-26 0:00	"['moore', 'rader']"	[]
"6,362,161"	2002-03-26 0:00	0	2013-07-26 0:00	"['moore', 'rader']"	[]
"6,620,847"	2003-09-16 0:00	0	2013-07-26 0:00	"['moore', 'rader']"	[]
"6,939,539"	2005-09-06 0:00	0	2013-07-26 0:00	"['moore', 'rader']"	[]
"7,199,098"	2007-04-03 0:00	0	2013-07-26 0:00	"['moore', 'rader']"	[]
"3,178,820"	1965-04-20 0:00	0	1984-01-04 0:00	"['skelton', 'markey', 'nies']"	[]
"5,985,347"	1999-11-16 0:00	0	2013-08-06 0:00	"['davis', 'reyna', 'rader']"	[]
"3,760,424"	1973-09-25 0:00	0	1984-01-24 0:00	"['kashiwa', 'nies']"	[]
"7,030,149"	2006-04-18 0:00	0	2013-05-01 0:00	"['prost', ""o'malley"", 'dyk']"	[]
"6,753,013"	2004-06-22 0:00	0	2013-08-12 0:00	"[""o'malley"", 'reyna', 'rader']"	[]
"3,837,292"	1974-09-24 0:00	0	1984-01-25 0:00	"['nichols', 'markey', 'friedman']"	[]
"D226,990"	1973-05-22 0:00	0	1984-02-14 0:00	"['nichols', 'kashiwa', 'bennett']"	[]
"5,275,616"	1994-01-04 0:00	0	2013-09-11 0:00	"['lourie', 'plager', 'wallach']"	[]
"5,716,375"	1998-02-10 0:00	0	2013-09-11 0:00	"['lourie', 'plager', 'wallach']"	[]
"3,345,458"	1967-10-03 0:00	0	1984-03-20 0:00	"['markey', 'kashiwa', 'nies']"	[]
"3,945,315"	1976-03-23 0:00	0	1984-03-21 0:00	"['markey', 'cowen', 'bennett']"	[]
"3,523,889"	1970-08-11 0:00	0	1984-03-27 0:00	"['markey', 'davis', 'friedman']"	[]
"3,282,600"	1966-11-01 0:00	0	1984-03-29 0:00	"['miller', 'friedman']"	[]
"4,183,057"	1980-01-08 0:00	0	1984-04-27 0:00	"['smith', 'miller']"	[]
"3,748,015"	1973-07-24 0:00	0	1984-04-06 0:00	"['kashiwa', 'bennett', 'davis', 'baldwin', 'markey']"	[]
"RE28,100"	1974-08-06 0:00	0	1984-04-12 0:00	"['smith', 'davis', 'rich']"	[]
"6,610,545"	2003-08-26 0:00	0	2013-12-30 0:00	"['taranto', 'clevenger', 'newman']"	[]
"3,319,515"	1967-05-16 0:00	0	1984-07-12 0:00	"['nichols', 'friedman', 'baldwin']"	[]
"6,411,941"	2002-06-25 0:00	0	2014-03-03 0:00	"['chen', 'taranto', 'rader']"	[]
"3,494,297"	1970-02-10 0:00	0	1984-11-09 0:00	"['smith', 'davis', 'nies']"	[]
"6,618,707"	2003-09-09 0:00	0	2014-04-07 0:00	"['wallach', 'reyna', 'rader']"	[]
"5,721,244"	1998-02-24 0:00	0	2014-04-21 0:00	"['linn', 'newman', 'wallach']"	[]
"6,946,149"	2005-09-20 0:00	0	2014-04-22 0:00	['prost']	"['moore', 'dyk']"
"3,447,978"	1969-06-03 0:00	0	1984-12-27 0:00	"['miller', 'markey', 'baldwin']"	[]
"6,925,357"	2005-08-02 0:00	0	2014-05-09 0:00	"[""o'malley"", 'lourie', 'rader']"	[]
"7,593,030"	2009-09-22 0:00	0	2014-05-09 0:00	"[""o'malley"", 'lourie', 'rader']"	[]
"3,181,461"	1965-05-04 0:00	0	1985-02-21 0:00	"['nichols', 'markey', 'davis']"	[]
"7,640,320"	2009-12-29 0:00	0	2014-06-20 0:00	"['schall', 'moore', 'reyna']"	[]
"2,945,666"	1960-07-19 0:00	0	1985-03-12 0:00	"['bissell', 'nies', 'newman']"	[]
"7,947,739"	2011-05-24 0:00	0	2014-08-22 0:00	"['lourie', 'dyk', 'reyna']"	[]
"8,022,106"	2011-09-20 0:00	0	2014-08-22 0:00	"['lourie', 'dyk', 'reyna']"	[]
"8,273,795"	2012-09-25 0:00	0	2014-08-22 0:00	"['lourie', 'dyk', 'reyna']"	[]
"3,941,926"	1976-03-02 0:00	0	1985-07-18 0:00	"['smith', 'newman']"	[]
"4,009,335"	1977-02-22 0:00	0	1985-07-18 0:00	"['smith', 'newman']"	[]
"3,637,153"	1972-01-25 0:00	0	1985-06-26 0:00	"['skelton', 'markey', 'davis']"	[]
"6,502,135"	2002-12-31 0:00	0	2014-09-16 0:00	['chen']	[]
"7,418,504"	2008-08-26 0:00	0	2014-09-16 0:00	['chen']	[]
"7,490,151"	2009-02-10 0:00	0	2014-09-16 0:00	['chen']	[]
"7,921,211"	2011-04-05 0:00	0	2014-09-16 0:00	['chen']	[]
"6,158,011"	2000-12-05 0:00	0	2014-10-14 0:00	"['linn', ""o'malley"", 'lourie']"	[]
"3,537,146"	1970-11-03 0:00	0	1985-10-02 0:00	"['markey', 'cowen', 'newman']"	[]
"3,409,579"	1968-11-05 0:00	0	1985-10-25 0:00	"['markey', 'kashiwa', 'davis']"	[]
"3,485,797"	1969-12-23 0:00	0	1985-10-25 0:00	"['markey', 'kashiwa', 'davis']"	[]
"3,676,392"	1972-07-11 0:00	0	1985-10-25 0:00	"['markey', 'kashiwa', 'davis']"	[]
"4,261,339"	1981-04-14 0:00	0	1985-11-01 0:00	"['markey', 'davis']"	[]
"PP16,229"	2006-01-31 0:00	0	2015-01-09 0:00	"['prost', 'hughes', 'bryson']"	[]
"PP16,284"	2006-02-21 0:00	0	2015-01-09 0:00	"['prost', 'hughes', 'bryson']"	[]
"5,860,973"	1999-01-19 0:00	0	2015-03-02 0:00	"['lourie', 'dyk', 'reyna']"	[]
"6,945,933"	2005-09-20 0:00	0	2015-03-02 0:00	"['lourie', 'dyk', 'reyna']"	[]
"7,470,236"	2008-12-30 0:00	0	2015-03-02 0:00	"['lourie', 'dyk', 'reyna']"	[]
"5,879,958"	1999-03-09 0:00	0	2015-03-10 0:00	"['chen', 'taranto', 'wallach']"	[]
"6,427,078"	2002-07-30 0:00	0	2015-03-17 0:00	"['chen', 'taranto', 'bryson']"	[]
"6,992,218"	2006-01-31 0:00	0	2015-03-23 0:00	"['linn', 'wallach', 'reyna']"	[]
"4,195,732"	1980-04-01 0:00	0	1986-01-06 0:00	"['markey', 'kashiwa', 'rich']"	[]
"5,337,753"	1994-08-16 0:00	0	2015-04-27 0:00	"['schall', 'newman', 'wallach']"	[]
"6,239,113"	2001-05-29 0:00	0	2015-04-09 0:00	"['linn', 'prost', 'newman']"	[]
"6,569,443"	2003-05-27 0:00	0	2015-04-09 0:00	"['linn', 'prost', 'newman']"	[]
"6,861,411"	2005-03-01 0:00	0	2015-04-09 0:00	"['linn', 'prost', 'newman']"	[]
"7,056,893"	2006-06-06 0:00	0	2015-04-09 0:00	"['linn', 'prost', 'newman']"	[]
"3,870,141"	1975-03-11 0:00	0	1986-03-03 0:00	"['nichols', 'bissell', 'baldwin']"	[]
"4,051,949"	1977-10-04 0:00	0	1986-03-03 0:00	"['nichols', 'bissell', 'baldwin']"	[]
"4,159,763"	1979-07-03 0:00	0	1986-03-03 0:00	"['nichols', 'bissell', 'baldwin']"	[]
"7,864,163"	2011-01-04 0:00	0	2015-05-18 0:00	"['prost', ""o'malley"", 'chen']"	[]
"3,245,789"	1966-04-12 0:00	0	1986-04-25 0:00	"['smith', 'markey', 'newman']"	[]
"3,362,821"	1968-01-09 0:00	0	1986-04-25 0:00	"['smith', 'markey', 'newman']"	[]
"3,578,540"	1971-05-11 0:00	0	1986-04-25 0:00	"['smith', 'markey', 'newman']"	[]
"3,594,165"	1971-07-20 0:00	0	1986-04-25 0:00	"['smith', 'markey', 'newman']"	[]
"3,689,262"	1972-09-05 0:00	0	1986-04-25 0:00	"['smith', 'markey', 'newman']"	[]
"3,753,392"	1973-08-21 0:00	0	1986-04-25 0:00	"['smith', 'markey', 'newman']"	[]
"3,810,211"	1974-05-07 0:00	0	1986-04-25 0:00	"['smith', 'markey', 'newman']"	[]
"3,902,501"	1975-09-02 0:00	0	1986-04-30 0:00	"['bissell', 'archer']"	[]
"4,976,008"	1990-12-11 0:00	0	1996-03-04 0:00	"['plager', 'nies', 'rich']"	[]
"3,655,201"	1972-04-11 0:00	0	1986-05-16 0:00	"['bissell', 'baldwin', 'nies']"	[]
"4,207,060"	1980-06-10 0:00	0	1986-06-12 0:00	"['cowen', 'newman', 'baldwin']"	[]
"3,561,934"	1971-02-09 0:00	0	1986-06-11 0:00	"['nichols', 'markey', 'newman']"	[]
"3,746,518"	1973-07-17 0:00	0	1986-06-11 0:00	"['nichols', 'markey', 'newman']"	[]
"7,851,504"	2010-12-14 0:00	0	2015-08-04 0:00	"['linn', 'lourie', 'hughes']"	[]
"8,278,353"	2012-10-02 0:00	0	2015-08-04 0:00	"['linn', 'lourie', 'hughes']"	[]
"8,299,118"	2012-10-30 0:00	0	2015-08-04 0:00	"['linn', 'lourie', 'hughes']"	[]
"8,309,605"	2012-11-13 0:00	0	2015-08-04 0:00	"['linn', 'lourie', 'hughes']"	[]
"8,338,479"	2012-12-25 0:00	0	2015-08-04 0:00	"['linn', 'lourie', 'hughes']"	[]
"8,182,501"	2012-05-22 0:00	0	2015-08-07 0:00	"['chen', 'lourie', 'bryson']"	[]
"3,902,501"	1975-09-02 0:00	0	1986-08-15 0:00	"['cowen', 'newman', 'davis']"	[]
"D258,100"	1981-02-03 0:00	0	1986-09-10 0:00	"['newman', 'davis', 'friedman']"	[]
"D258,101"	1981-02-03 0:00	0	1986-09-10 0:00	"['newman', 'davis', 'friedman']"	[]
"4,376,110"	1983-03-08 0:00	0	1986-09-19 0:00	"['smith', 'davis', 'rich']"	[]
"7,765,482"	2010-07-27 0:00	0	2015-09-21 0:00	"['prost', 'hughes', 'reyna']"	[]
"7,105,486"	2006-09-12 0:00	0	2015-09-24 0:00	"['mayer', 'moore', 'linn']"	[]
"7,655,630"	2010-02-02 0:00	0	2015-09-24 0:00	"['mayer', 'moore', 'linn']"	[]
"7,659,253"	2010-02-09 0:00	0	2015-09-24 0:00	"['mayer', 'moore', 'linn']"	[]
"7,662,787"	2010-02-16 0:00	0	2015-09-24 0:00	"['mayer', 'moore', 'linn']"	[]
"3,365,800"	1968-01-30 0:00	0	1986-10-22 0:00	"['cowen', 'bissell', 'archer']"	[]
"RE39,071"	2006-04-18 0:00	0	2015-11-12 0:00	"['hughes', 'wallach', 'bryson']"	[]
"1,693,633"	1928-12-04 0:00	0	1986-12-05 0:00	"['markey', 'newman']"	[]
"3,269,768"	1966-08-30 0:00	0	1986-12-05 0:00	"['markey', 'newman']"	[]
"4,302,920"	1981-12-01 0:00	0	1986-12-16 0:00	"['davis', 'archer', 'rich']"	[]
"6,201,839"	2001-03-13 0:00	0	2015-08-04 0:00	"['chen', 'taranto', 'wallach']"	[]
"6,438,180"	2002-08-20 0:00	0	2015-08-04 0:00	"['chen', 'taranto', 'wallach']"	[]
"3,767,756"	1973-10-23 0:00	0	1986-12-22 0:00	"['markey', 'davis', 'nies']"	[]
"3,960,006"	1976-06-01 0:00	0	1986-12-30 0:00	"['friedman', 'nies', 'rich']"	[]
"3,537,146"	1970-11-03 0:00	0	1987-01-23 0:00	"['markey', 'cowen', 'newman']"	[]
"3,660,869"	1972-05-09 0:00	0	1987-01-23 0:00	"['markey', 'cowen', 'newman']"	[]
"3,965,538"	1976-06-29 0:00	0	1987-01-23 0:00	"['markey', 'cowen', 'newman']"	[]
"6,767,956"	2004-07-27 0:00	0	2016-01-29 0:00	"['chen', 'lourie', 'reyna']"	[]
"6,526,808"	2003-03-04 0:00	0	2015-12-31 0:00	"['lourie', 'hughes', 'wallach']"	[]
"6,007,575"	1999-12-28 0:00	0	2016-02-05 0:00	"['moore', ""o'malley"", 'wallach']"	[]
"6,240,376"	2001-05-29 0:00	0	2016-02-10 0:00	"['dyk', 'wallach']"	['newman']
"5,495,291"	1996-02-27 0:00	0	2016-03-01 0:00	"['mayer', 'stoll', 'chen']"	[]
"8,313,353"	2012-11-20 0:00	0	2016-02-22 0:00	"['moore', ""o'malley"", 'wallach']"	[]
"8,323,060"	2012-12-04 0:00	0	2016-02-22 0:00	"['moore', ""o'malley"", 'wallach']"	[]
"8,323,060"	2012-12-04 0:00	0	2016-02-22 0:00	"['moore', ""o'malley"", 'wallach']"	[]
"3,397,928"	1968-08-20 0:00	0	1987-04-13 0:00	"['cowen', 'nies', 'rich']"	"['friedman', 'bennett']"
"3,642,894"	1972-02-15 0:00	0	1987-04-08 0:00	"['markey', 'rich']"	['davis']
"6,948,021"	2005-09-20 0:00	0	2016-03-15 0:00	"['moore', 'taranto', 'hughes']"	[]
"3,486,495"	1969-12-30 0:00	0	1987-04-23 0:00	"['davis', 'friedman', 'bennett']"	[]
"3,788,034"	1974-01-29 0:00	0	1987-05-12 0:00	"['smith', 'davis', 'friedman']"	[]
"7,566,537"	2009-07-28 0:00	0	2016-05-09 0:00	"[""o'malley"", 'hughes', 'wallach']"	[]
"6,151,604"	2000-11-21 0:00	0	2016-05-12 0:00	"['moore', 'taranto', 'hughes']"	[]
"6,163,775"	2000-12-19 0:00	0	2016-05-12 0:00	"['moore', 'taranto', 'hughes']"	[]
"3,927,580"	1975-12-23 0:00	0	1987-08-25 0:00	"['nies', 'bissell', 'archer']"	[]
"5,987,606"	1999-11-16 0:00	0	2016-06-27 0:00	"['chen', ""o'malley"", 'newman']"	[]
"7,314,044"	2008-01-01 0:00	0	2016-07-19 0:00	"['chen', ""o'malley"", 'moore']"	[]
"7,832,196"	2010-11-16 0:00	0	2016-07-19 0:00	"['chen', ""o'malley"", 'moore']"	[]
"7,917,843"	2011-03-29 0:00	0	2016-08-10 0:00	"['linn', ""o'malley"", 'moore']"	[]
"4,278,080"	1981-07-14 0:00	0	1987-11-13 0:00	"['cowen', 'davis', 'friedman']"	[]
"3,241,876"	1966-03-22 0:00	0	1988-01-13 0:00	"['newman', 'davis', 'archer']"	[]
"6,022,329"	2000-02-08 0:00	0	2016-09-12 0:00	"['prost', 'hughes', 'newman']"	[]
"6,179,807"	2001-01-30 0:00	0	2016-09-12 0:00	"['prost', 'hughes', 'newman']"	[]
"7,144,383"	2006-12-05 0:00	0	2016-09-12 0:00	"['prost', 'hughes', 'newman']"	[]
"5,718,012"	1998-02-17 0:00	0	2016-09-16 0:00	"['chen', 'prost', 'reyna']"	[]
"8,046,721"	2011-10-25 0:00	0	2016-10-07 0:00	"['dyk', 'prost', ""o'malley"", 'chen', 'hughes', 'wallach', 'moore', 'lourie', 'stoll', 'reyna', 'newman', 'en banc']"	[]
"8,074,172"	2011-12-06 0:00	0	2016-10-07 0:00	"['dyk', 'prost', ""o'malley"", 'chen', 'hughes', 'wallach', 'moore', 'lourie', 'stoll', 'reyna', 'newman', 'en banc']"	[]
"5,759,830"	1998-06-02 0:00	0	2016-10-13 0:00	"['chen', ""o'malley"", 'stoll']"	[]
"5,770,193"	1998-06-23 0:00	0	2016-10-13 0:00	"['chen', ""o'malley"", 'stoll']"	[]
"3,849,194"	1974-11-19 0:00	0	1988-02-17 0:00	"['mayer', 'skelton', 'friedman']"	[]
"5,609,616"	1997-03-11 0:00	0	2016-11-17 0:00	"['chen', 'hughes']"	['newman']
"8,245,764"	2012-08-21 0:00	0	2016-12-06 0:00	"['newman', 'taranto']"	['prost']
"6,249,876"	2001-06-19 0:00	0	2016-12-12 0:00	"['chen', 'prost', 'schall']"	[]
"7,328,845"	2008-02-12 0:00	0	2017-01-05 0:00	"['lourie', ""o'malley"", 'taranto']"	[]
"RE29,487"	1977-12-06 0:00	0	1988-04-27 0:00	"['davis', 'nichols', 'markey']"	[]
"7,772,209"	2010-08-10 0:00	0	2017-01-12 0:00	"['dyk', 'prost', 'newman']"	[]
"8,399,445"	2013-03-19 0:00	0	2017-01-26 0:00	"['taranto', 'reyna', 'moore']"	[]
"4,410,892"	1983-10-18 0:00	0	1988-05-25 0:00	"['newman', 'archer', 'friedman']"	[]
"8,186,457"	2012-05-29 0:00	0	2017-02-16 0:00	"['hughes', 'moore', 'stoll']"	[]
"4,505,449"	1985-03-19 0:00	0	1988-06-27 0:00	"['newman', 'archer']"	[]
"6,474,159"	2002-11-05 0:00	0	2017-03-08 0:00	"['wallach', 'moore', 'stoll']"	[]
"4,128,357"	1978-12-05 0:00	0	1988-06-21 0:00	"['newman', 'archer', 'friedman']"	[]
"6,132,109"	2000-10-17 0:00	0	2017-03-16 0:00	"['chen', 'lourie', 'moore']"	[]
"8,240,362"	2012-08-14 0:00	0	2017-04-03 0:00	"['newman', 'prost', 'taranto']"	[]
"8,245,764"	2012-08-21 0:00	0	2017-04-03 0:00	"['newman', 'prost', 'taranto']"	[]
"D284,420"	1986-07-01 0:00	0	1988-07-29 0:00	"['smith', 'mayer', 'nies']"	[]
"D287,301"	1986-12-23 0:00	0	1988-07-29 0:00	"['smith', 'mayer', 'nies']"	[]
"8,023,580"	2011-09-20 0:00	0	2017-04-17 0:00	"['chen', 'taranto', 'stoll']"	[]
"8,457,228"	2013-06-04 0:00	0	2017-04-17 0:00	"['chen', 'taranto', 'stoll']"	[]
"7,432,589"	2008-10-07 0:00	0	2017-04-28 0:00	"['hughes', 'reyna', 'stoll']"	[]
"7,462,870"	2008-12-09 0:00	0	2017-04-28 0:00	"['hughes', 'reyna', 'stoll']"	[]
"8,530,250"	2013-09-10 0:00	0	2017-04-28 0:00	"['hughes', 'reyna', 'stoll']"	[]
"4,337,805"	1982-07-06 0:00	0	1988-09-21 0:00	"['mayer', 'rich']"	['nies']
"4,365,970"	1982-12-28 0:00	0	1988-10-12 0:00	"['nies', 'rich', 'nichols']"	[]
"6,713,446"	2004-03-30 0:00	0	2017-07-17 0:00	"['newman', 'mayer', ""o'malley""]"	[]
"4,376,851"	1983-03-15 0:00	0	1989-01-10 0:00	"['nies', 'michel', 'markey']"	[]
"3,907,332"	1975-09-23 0:00	0	1989-02-16 0:00	"['smith', 'newman', 'skelton']"	[]
"3,884,550"	1975-05-20 0:00	0	1989-02-22 0:00	"['nies', 'rich', 'bissell']"	[]
"3,933,454"	1976-01-20 0:00	0	1989-02-22 0:00	"['nies', 'rich', 'bissell']"	[]
"3,884,550"	1975-05-20 0:00	0	1989-02-22 0:00	"['nies', 'rich', 'bissell']"	[]
"RE32,849"	1989-01-31 0:00	0	1996-07-03 0:00	"['newman', 'rader']"	['bryson']
"5,843,120"	1998-12-01 0:00	0	2004-01-14 0:00	"['gajarsa', 'bryson', 'clevenger']"	[]
"7,810,144"	2010-10-05 0:00	0	2017-09-13 0:00	"['dyk', 'taranto']"	['newman']
"4,081,701"	1978-03-28 0:00	0	1989-03-28 0:00	"['mayer', 'bissell', 'friedman']"	[]
"4,533,843"	1985-08-06 0:00	0	1989-03-28 0:00	"['mayer', 'bissell', 'friedman']"	[]
"3,736,968"	1973-06-05 0:00	0	1989-03-31 0:00	"['newman', 'bennett', 'friedman']"	[]
"3,746,065"	1973-07-17 0:00	0	1989-03-31 0:00	"['newman', 'bennett', 'friedman']"	[]
"3,852,579"	1974-12-03 0:00	0	1989-03-31 0:00	"['newman', 'bennett', 'friedman']"	[]
"6,020,435"	2000-02-01 0:00	0	2017-10-11 0:00	"['newman', 'prost', 'taranto']"	[]
"6,252,004"	2001-06-26 0:00	0	2017-10-11 0:00	"['newman', 'prost', 'taranto']"	[]
"6,816,356"	2004-11-09 0:00	0	2017-11-21 0:00	"['dyk', 'taranto', 'moore']"	[]
"8,318,800"	2012-11-27 0:00	0	2017-11-09 0:00	"['wallach', 'prost', 'taranto']"	[]
"8,410,167"	2013-04-02 0:00	0	2017-11-09 0:00	"['wallach', 'prost', 'taranto']"	[]
"6,568,969"	2003-05-27 0:00	0	2017-12-07 0:00	"['moore', 'stoll', 'plager']"	[]
"6,793,545"	2004-09-21 0:00	0	2017-12-07 0:00	"['moore', 'stoll', 'plager']"	[]
"8,144,182"	2012-03-27 0:00	0	2017-12-28 0:00	"['newman', 'reyna']"	[]
"8,434,020"	2013-04-30 0:00	0	2018-01-25 0:00	"[""o'malley"", 'moore']"	['wallach']
"8,713,476"	2014-04-29 0:00	0	2018-01-25 0:00	"[""o'malley"", 'moore']"	['wallach']
"8,061,359"	2011-11-22 0:00	0	2018-03-14 0:00	"['newman', 'wallach', 'stoll']"	[]
"8,586,610"	2013-11-19 0:00	0	2018-04-13 0:00	"['hughes', 'lourie']"	['prost']
"4,029,401"	1977-06-14 0:00	0	1989-12-13 0:00	"['archer', 'rich', 'miller']"	[]
"4,748,005"	1988-05-31 0:00	0	1990-05-04 0:00	"['rich', 'markey', 'plager']"	[]
"4,777,192"	1988-10-11 0:00	0	1990-05-04 0:00	"['rich', 'markey', 'plager']"	[]
"4,155,666"	1979-05-22 0:00	0	1990-05-09 0:00	"['markey', 'bennett', 'plager']"	[]
"4,195,945"	1980-04-01 0:00	0	1990-05-09 0:00	"['markey', 'bennett', 'plager']"	[]
"4,447,377"	1984-05-08 0:00	0	1990-06-05 0:00	"['mayer', 'archer', 'plager']"	[]
"3,760,375"	1973-09-18 0:00	0	1990-06-29 0:00	['archer']	[]
"4,384,298"	1983-05-17 0:00	0	1990-07-30 0:00	"['newman', 'rich', 'cowen']"	[]
"4,529,034"	1985-07-16 0:00	0	1990-10-22 0:00	"['michel', 'miller', 'markey']"	[]
"3,847,333"	1974-11-12 0:00	0	1990-10-23 0:00	"['michel', 'clevenger', 'archer']"	[]
"3,541,581"	1970-11-17 0:00	0	1990-11-20 0:00	"['newman', 'rich', 'clevenger']"	[]
"3,541,581"	1970-11-17 0:00	0	1990-11-20 0:00	"['newman', 'rich', 'clevenger']"	[]
"4,387,297"	1983-06-07 0:00	0	1991-06-14 0:00	"['newman', 'nies', 'clevenger']"	[]
"4,593,186"	1986-06-03 0:00	0	1991-06-14 0:00	"['newman', 'nies', 'clevenger']"	[]
"4,270,275"	1981-06-02 0:00	0	1991-09-20 0:00	"['nies', 'michel', 'skelton']"	[]
"4,664,020"	1987-05-12 0:00	0	1991-09-26 0:00	"['newman', 'rader', 'skelton']"	[]
"4,223,394"	1980-09-16 0:00	0	1991-09-17 0:00	"['mayer', 'archer', 'cowen']"	[]
"4,519,050"	1985-05-21 0:00	0	1991-09-17 0:00	"['mayer', 'archer', 'cowen']"	[]
"4,685,084"	1987-08-04 0:00	0	1991-09-17 0:00	"['mayer', 'archer', 'cowen']"	[]
"4,422,459"	1983-12-27 0:00	0	1992-03-12 0:00	"['newman', 'lourie', 'rader']"	[]
"3,959,322"	1976-05-25 0:00	0	1992-03-19 0:00	"['nies', 'michel', 'cowen']"	[]
"4,159,546"	1979-07-03 0:00	0	1992-09-11 0:00	"['newman', 'rader']"	[]
"4,831,282"	1989-05-16 0:00	0	1992-10-09 0:00	"['newman', 'michel', 'rader']"	[]
"4,905,189"	1990-02-27 0:00	0	1992-10-09 0:00	"['newman', 'michel', 'rader']"	[]
"4,043,027"	1977-08-23 0:00	0	1993-03-10 0:00	"['nies', 'clevenger']"	[]
"4,656,605"	1987-04-07 0:00	0	1993-05-10 0:00	"['lourie', 'archer', 'clevenger']"	[]
"4,727,513"	1988-02-23 0:00	0	1993-05-10 0:00	"['lourie', 'archer', 'clevenger']"	[]
"RE29,073"	1976-12-14 0:00	0	1993-06-14 0:00	"['smith', 'rader', 'plager']"	[]
